{"train_loss": 0.0011070291511714458, "test_loss": 0.007468249394812367, "qwk": 0.4577973443627328, "lwk": 0.2647033897207376, "corr": 0.5037848796602417, "rmse": 0.08638073812682247, "mae": 0.0692347294582433, "_timestamp": 1710871349.9033628, "_runtime": 110.80816173553467, "_step": 29, "_wandb": {"runtime": 107}}