{"QWK": 0.5268893616695771, "_timestamp": 1710869417.7572985, "_runtime": 5.512244462966919, "_step": 0, "_wandb": {"runtime": 2}}