{"QWK[DEV]": 0.8992386923421406, "QWK[TEST]": 0.7200246023203559, "QWK[BEST TEST]": 0.7047883543491957, "train_loss": 0.02423828099430962, "_timestamp": 1710953832.8107724, "_runtime": 15.08017349243164, "_step": 99, "_wandb": {"runtime": 10}}