{"train_loss": 0.00710685271769762, "test_loss": 0.03437336620620706, "qwk": 0.6452178394745676, "lwk": 0.47035073861032023, "corr": 0.6839712461390234, "rmse": 0.18540055590655388, "mae": 0.1485556679269807, "_timestamp": 1710517603.9402153, "_runtime": 249.08226943016052, "_step": 29, "_wandb": {"runtime": 248}}