{"train_loss": 0.001747983502336839, "dev_loss": 0.026450755074620247, "test_loss": 0.03411052965030477, "dev_qwk": 0.8923628908252178, "dev_lwk": 0.7173620457604305, "dev_corr": 0.9088785500867311, "dev_rmse": 0.16284517614520747, "dev_mae": 0.13645103598634403, "test_qwk": 0.6272238358264919, "test_lwk": 0.43802373083690993, "test_corr": 0.6909018382045936, "test_rmse": 0.18481270697072477, "test_mae": 0.14930103287669055, "best_qwk": 0.62977348191865, "_timestamp": 1710965713.7551107, "_runtime": 1449.903050661087, "_step": 9, "_wandb": {"runtime": 1446}}