{"train_loss": 0.014821473147187915, "dev_loss": 0.02413026988506317, "test_loss": 0.017438274176259125, "best_qwk": 0.6403728354560447, "best_lwk": 0.3915228597674874, "best_corr": 0.8229353653785563, "best_rmse": 0.12303516030405269, "best_mae": 0.10127690843324014, "_timestamp": 1711020814.3197174, "_runtime": 215.7622594833374, "_step": 49, "_wandb": {"runtime": 215}}