{"train_loss": 0.011032626969724933, "dev_loss": 0.019135900773108006, "test_loss": 0.04323119566885426, "dev_qwk": 0.9035369774919614, "dev_lwk": 0.7909407665505225, "dev_corr": 0.9440017336242847, "dev_rmse": 0.13833257201712185, "dev_mae": 0.11665201385815939, "test_qwk": 0.5813684536334778, "test_lwk": 0.46226095446666393, "test_corr": 0.6789453860334167, "test_rmse": 0.20771538572882833, "test_mae": 0.16471893958229009, "best_test_qwk": 0.6037347178407498, "best_test_lwk": 0.483075208211348, "best_test_corr": 0.6895715588694772, "best_test_rmse": 0.20922352645880654, "best_test_mae": 0.1645151708595771, "_timestamp": 1711472434.8831935, "_runtime": 255.82338452339172, "_step": 49, "_wandb": {"runtime": 255}}