Metric,Value
QWK-high,0.5791534503638247
Correlation-high,0.7059355043117691
QWK-low,0.4974639357949009
Correlation-low,0.7070402161255208
