{"Reward": -0.02318116600097908, "DVRL Loss": -211.30308593146694, "Prob MAX": 0.9970679879188538, "Prob MIN": 0.002964622573927045, "qwk": 0.8893949251789199, "_timestamp": 1710076702.643877, "_runtime": 5335.494246959686, "_step": 999, "_wandb": {"runtime": 5369}}