{"train_loss": 0.006864908384159207, "test_loss": 0.05287527106702328, "qwk": 0.5967947349781053, "lwk": 0.4151584981218499, "corr": 0.7162649680557895, "rmse": 0.23027984090403683, "mae": 0.18643378733575514, "_timestamp": 1710516553.0044665, "_runtime": 249.35511755943298, "_step": 29, "_wandb": {"runtime": 248}}