{"train_loss": 0.013320326011288948, "dev_loss": 0.012223262650271257, "test_loss": 0.03223269739387075, "dev_qwk": 0.935064935064935, "dev_lwk": 0.8120300751879699, "dev_corr": 0.974429053393492, "dev_rmse": 0.11055886242516243, "dev_mae": 0.10026723096768062, "test_qwk": 0.6949931960020647, "test_lwk": 0.51933039456705, "test_corr": 0.7487483132190936, "test_rmse": 0.1796211275095517, "test_mae": 0.14384797416732345, "best_test_qwk": 0.7212588165472028, "best_test_lwk": 0.5545510468279933, "best_test_corr": 0.7675294626804073, "best_test_rmse": 0.1626622994349721, "best_test_mae": 0.13099913177355915, "_timestamp": 1711475062.5248182, "_runtime": 251.09167408943176, "_step": 49, "_wandb": {"runtime": 250}}