{"train_loss": 0.014379915086358094, "dev_loss": 0.008120326635738214, "test_loss": 0.01440045116127253, "dev_qwk": 0.8838845883180859, "dev_lwk": 0.7380952380952382, "dev_corr": 0.9326784853789644, "dev_rmse": 0.09011285543459618, "dev_mae": 0.0768265750259161, "test_qwk": 0.6244024554691934, "test_lwk": 0.4933576194659891, "test_corr": 0.6697570789118269, "test_rmse": 0.12003648697918685, "test_mae": 0.09416990486138008, "best_test_qwk": 0.634858199637637, "best_test_lwk": 0.5103947660142312, "best_test_corr": 0.6972054721016024, "best_test_rmse": 0.11133351850046232, "best_test_mae": 0.08849951361065807, "_timestamp": 1711471120.4295862, "_runtime": 254.25772428512573, "_step": 49, "_wandb": {"runtime": 248}}