{"train_loss": 0.014469328835990017, "dev_loss": 0.008707916208853325, "test_loss": 0.011487688160767513, "dev_qwk": 0.85964740928847, "dev_lwk": 0.5924651331280565, "dev_corr": 0.922538625083941, "dev_rmse": 0.09331621539242325, "dev_mae": 0.08310828680793445, "test_qwk": 0.5379054372638474, "test_lwk": 0.3194153805282135, "test_corr": 0.6032191658027509, "test_rmse": 0.10715308248376659, "test_mae": 0.08611457729322397, "best_test_qwk": 0.5836984997826623, "best_test_lwk": 0.3576097324424661, "best_test_corr": 0.6351358985884189, "best_test_rmse": 0.09739011189592689, "best_test_mae": 0.07820898135331114, "_timestamp": 1711480721.953706, "_runtime": 260.89696502685547, "_step": 49, "_wandb": {"runtime": 260}}