{"train_loss": 0.022951051592826843, "test_loss": 0.045083126452352316, "qwk": 0.3438673618743522, "lwk": 0.216866942609542, "corr": 0.582088874272979, "rmse": 0.21185596774389168, "mae": 0.16365545100748202, "_timestamp": 1710867909.3302426, "_runtime": 242.73626565933228, "_step": 29, "_wandb": {"runtime": 242}}