{"train_loss": 0.013915813453495502, "dev_loss": 0.025078099220991135, "test_loss": 0.0272993399495525, "best_qwk": 0.7254050817198954, "best_lwk": 0.5831929749971383, "best_corr": 0.7934735315587951, "best_rmse": 0.14968770049550192, "best_mae": 0.11936047138462604, "_timestamp": 1711025482.352188, "_runtime": 216.16373801231384, "_step": 49, "_wandb": {"runtime": 215}}