{"train_loss": 0.011843808503313498, "dev_loss": 0.06851986795663834, "test_loss": 0.06320684927481192, "best_qwk": 0.6416303190934324, "best_lwk": 0.5372401413323618, "best_corr": 0.6982075395295424, "best_rmse": 0.19818267032128897, "best_mae": 0.15542755611153003, "_timestamp": 1711022905.220001, "_runtime": 217.94188404083252, "_step": 49, "_wandb": {"runtime": 217}}