{"train_loss": 0.011815906515535475, "dev_loss": 0.055664755403995514, "test_loss": 0.049919940664299896, "best_qwk": 0.615426461074237, "best_lwk": 0.48756519778465657, "best_corr": 0.7394539762665817, "best_rmse": 0.22334158184821887, "best_mae": 0.17318140315886343, "_timestamp": 1711023850.1758049, "_runtime": 219.25923895835876, "_step": 49, "_wandb": {"runtime": 218}}