{"train_loss": 0.004307059338316321, "test_loss": 0.01572510197081349, "qwk": 0.4945417196837619, "lwk": 0.37377390230225993, "corr": 0.5766348879010103, "rmse": 0.12542204674723315, "mae": 0.09732662110808767, "_timestamp": 1710513455.5746791, "_runtime": 248.2418041229248, "_step": 29, "_wandb": {"runtime": 247}}