{"train_loss": 0.015960335731506348, "test_loss": 0.03608228761835822, "qwk": 0.470523349415247, "lwk": 0.31438058689895476, "corr": 0.6367237486782543, "rmse": 0.18951209576280698, "mae": 0.1471310365924054, "_timestamp": 1710868584.1137886, "_runtime": 242.6420876979828, "_step": 29, "_wandb": {"runtime": 242}}