qwk,lwk,corr,rmse,mae
0.6289841231944611,0.5183919725278996,0.6729102144332919,0.20670377673489987,0.15689654925423394
