qwk,lwk,corr,rmse,mae
0.6341254875943925,0.536912339776153,0.7024167067875932,0.19376701761810505,0.15699772421067726
