qwk,lwk,corr,rmse,mae
0.5978434981917795,0.4745846338925739,0.6919433905944573,0.20013404826837264,0.15385826845434283
