qwk,lwk,corr,rmse,mae
0.6721021555748319,0.5797742242694963,0.7133185770490484,0.1918682662495668,0.14632273006964117
