qwk,lwk,corr,rmse,mae
0.6567386003578657,0.5592469760736474,0.7079098653574972,0.19437061893578048,0.14668459187100963
