Metric,Value
QWK-high,0.5784075139053878
Correlation-high,0.7532903829704577
QWK-low,0.5784075139053878
Correlation-low,0.7532903829704577
