{"train_loss": 0.024617621675133705, "dev_loss": 0.024307698477059603, "test_loss": 0.012076915707439184, "dev_qwk": 0.6654431070574247, "dev_lwk": 0.5195775222721694, "dev_corr": 0.7744007324348303, "dev_rmse": 0.1530482000861585, "dev_mae": 0.11819951275274868, "test_qwk": 0.7361192551970395, "test_lwk": 0.5038004684534894, "test_corr": 0.8182180182291557, "test_rmse": 0.10905574280299048, "test_mae": 0.08724586651840707, "best_test_qwk": 0.6860735561852622, "best_test_lwk": 0.4370086567274277, "best_test_corr": 0.8160057986098601, "best_test_rmse": 0.12319023788490419, "best_test_mae": 0.10121140761935035, "_timestamp": 1711465757.5251825, "_runtime": 54.709808588027954, "_step": 49, "_wandb": {"runtime": 54}}