{"train_loss": 0.0019914276432701906, "dev_loss": 0.019164448603987694, "test_loss": 0.024479351260445335, "dev_qwk": 0.776892979769017, "dev_lwk": 0.5185533114138093, "dev_corr": 0.885291395531501, "dev_rmse": 0.13819669743756877, "dev_mae": 0.11376268242796263, "test_qwk": 0.2941113106285066, "test_lwk": 0.12129252345304653, "test_corr": 0.5880046745837155, "test_rmse": 0.15623637585261932, "test_mae": 0.13519930646017, "best_qwk": 0.400044765975933, "_timestamp": 1710974798.8189204, "_runtime": 1533.3307883739471, "_step": 9, "_wandb": {"runtime": 1529}}