{"QWK[DEV]": 0.7484276729559749, "QWK[TEST]": 0.5331708782913265, "QWK[BEST TEST]": 0.5580371108467836, "train_loss": 0.020733022088692946, "_timestamp": 1710934816.5080361, "_runtime": 14.475742101669312, "_step": 99, "_wandb": {"runtime": 10}}