qwk,lwk,corr,rmse,mae
0.4109242768171095,0.2594636040871434,0.5343157646182372,0.2197692857533006,0.17137795866882732
