Metric,Value
QWK-high,0.44121470488822745
Correlation-high,0.6804480322574455
QWK-low,0.5319367748108605
Correlation-low,0.6751071124406852
