{"train_loss": 0.0137827540702354, "dev_loss": 0.006399768870323896, "test_loss": 0.007913204428872892, "dev_qwk": 0.8830248129184718, "dev_lwk": 0.6556122448979592, "dev_corr": 0.9018157859433137, "dev_rmse": 0.07999855459486112, "dev_mae": 0.06455279539028803, "test_qwk": 0.6047524661342129, "test_lwk": 0.37598943702708876, "test_corr": 0.627272959876516, "test_rmse": 0.08891684221938943, "test_mae": 0.07067175826641044, "best_test_qwk": 0.6287544061793511, "best_test_lwk": 0.39997635470720977, "best_test_corr": 0.6565977870382839, "best_test_rmse": 0.09073773578425487, "best_test_mae": 0.0722449558207827, "_timestamp": 1711480386.0291147, "_runtime": 259.19753766059875, "_step": 49, "_wandb": {"runtime": 258}}