{"QWK": 0.21236151469935394, "_timestamp": 1710865185.9527173, "_runtime": 5.588731288909912, "_step": 0, "_wandb": {"runtime": 2}}