{"train_loss": 0.02138871744401291, "dev_loss": 0.022279458428134342, "test_loss": 0.010253656197693094, "dev_qwk": 0.7012089408613662, "dev_lwk": 0.5493113996255947, "dev_corr": 0.7874409501960633, "dev_rmse": 0.1492630501284813, "dev_mae": 0.1141602609705712, "test_qwk": 0.7350263198971401, "test_lwk": 0.5055701881192819, "test_corr": 0.8084529402190462, "test_rmse": 0.10127905604353364, "test_mae": 0.08055582299485878, "best_test_qwk": 0.7712842718223589, "best_test_lwk": 0.5479390861309874, "best_test_corr": 0.8247590905288407, "best_test_rmse": 0.09480396753976768, "best_test_mae": 0.07534679167904482, "_timestamp": 1711295575.2772746, "_runtime": 436.19910764694214, "_step": 49, "_wandb": {"runtime": 435}}