{"QWK": 0.6512411809255183, "_timestamp": 1710867369.430859, "_runtime": 5.564851999282837, "_step": 0, "_wandb": {"runtime": 2}}