{"Reward": -0.0194772437245726, "DVRL Loss": -127.6687200837109, "Prob MAX": 0.6408374309539795, "Prob MIN": 0.6328130960464478, "qwk": 0.7445894478439017, "_timestamp": 1710624434.3978558, "_runtime": 4835.517625808716, "_step": 999, "_wandb": {"runtime": 4864}}