{"QWK[DEV]": 0.7229994404029099, "QWK[TEST]": 0.24249386408021634, "QWK[BEST TEST]": 0.2828390153117333, "train_loss": 0.023571340409530836, "_timestamp": 1710926966.0725758, "_runtime": 14.433879852294922, "_step": 99, "_wandb": {"runtime": 10}}