{"train_loss": 0.006853882689028978, "test_loss": 0.03477599735964428, "qwk": 0.7079208155075153, "lwk": 0.5317017695399135, "corr": 0.7551373363444795, "rmse": 0.1864024631188189, "mae": 0.14850090248802109, "_timestamp": 1710516815.9304814, "_runtime": 252.2146453857422, "_step": 29, "_wandb": {"runtime": 251}}