{"QWK": 0.40767668393782386, "_timestamp": 1710868900.3495138, "_runtime": 2.544630765914917, "_step": 0, "_wandb": {"runtime": 2}}