{"QWK": 0.5179283696194117, "_timestamp": 1710861088.7535243, "_runtime": 2.518456220626831, "_step": 0, "_wandb": {"runtime": 1}}