{"train_loss": 0.011011289757965597, "dev_loss": 0.041220055893063545, "test_loss": 0.04621030956506729, "dev_qwk": 0.8704318936877076, "dev_lwk": 0.7409733124018838, "dev_corr": 0.8989275798936209, "dev_rmse": 0.20302722991327182, "dev_mae": 0.13899976536631584, "test_qwk": 0.6208627194831218, "test_lwk": 0.4864627955149042, "test_corr": 0.7294172788674749, "test_rmse": 0.2144800597516354, "test_mae": 0.16766205009599094, "best_test_qwk": 0.6155411822556461, "best_test_lwk": 0.482809146021722, "best_test_corr": 0.7375166384430044, "best_test_rmse": 0.21076925218414172, "best_test_mae": 0.16640659201843183, "_timestamp": 1711473423.83828, "_runtime": 254.42306804656982, "_step": 49, "_wandb": {"runtime": 253}}