qwk,lwk,corr,rmse,mae
0.5213669278565853,0.35286716310603794,0.6293053796521751,0.2545521724755996,0.21147261426482403
