Metric,Value
QWK-high,0.677570379984211
Correlation-high,0.7667203911203834
QWK-low,0.7157720088188544
Correlation-low,0.8046893309634084
