{"train_loss": 0.013107420293610944, "dev_loss": 0.01732959474126498, "test_loss": 0.030573961979008458, "dev_qwk": 0.8986029743127535, "dev_lwk": 0.7151898734177216, "dev_corr": 0.968087622338451, "dev_rmse": 0.13164191807077036, "dev_mae": 0.12191204006473223, "test_qwk": 0.6884991706132654, "test_lwk": 0.5130406322891241, "test_corr": 0.743773001179918, "test_rmse": 0.17465986524720412, "test_mae": 0.14034171817588134, "best_test_qwk": 0.7083147684136895, "best_test_lwk": 0.5641344851830414, "best_test_corr": 0.8031106123986332, "best_test_rmse": 0.1468580829503004, "best_test_mae": 0.11578540324325293, "_timestamp": 1711475391.5351775, "_runtime": 253.38784956932068, "_step": 49, "_wandb": {"runtime": 252}}