{"train_loss": 0.013698661380580493, "dev_loss": 0.02214192785322666, "test_loss": 0.03514944276373301, "best_qwk": 0.5253773743128697, "best_lwk": 0.3864986033847382, "best_corr": 0.6749960611761746, "best_rmse": 0.18001037404088394, "best_mae": 0.13649907406777312, "_timestamp": 1711025949.6835191, "_runtime": 216.68035221099854, "_step": 49, "_wandb": {"runtime": 216}}