{"acc": 0.7854136227827628, "loss": 0.12445774449167218, "_timestamp": 1709991935.6007931, "_runtime": 0.6264960765838623, "_step": 7, "_wandb": {"runtime": 0}}