{"train_loss": 0.014732369221746922, "test_loss": 0.014620762724768031, "qwk": 0.4908745660304463, "lwk": 0.28315625015698875, "corr": 0.5568431996794553, "rmse": 0.1208785185204077, "mae": 0.09615689255105926, "_timestamp": 1710512148.1322997, "_runtime": 241.65157175064087, "_step": 29, "_wandb": {"runtime": 241}}