{"train_loss": 0.028796102851629257, "test_loss": 0.03837114552568112, "qwk": 0.5097013327555338, "lwk": 0.34449336873857983, "corr": 0.6098844677627201, "rmse": 0.19541687286314643, "mae": 0.1565212586000141, "_timestamp": 1710868873.7840014, "_runtime": 252.66939640045166, "_step": 29, "_wandb": {"runtime": 252}}