{"Reward": 0.004366367367171664, "DVRL Loss": 29.656989706302216, "Prob MAX": 0.422515869140625, "Prob MIN": 0.41626226902008057, "qwk": 0.8743043872136664, "_timestamp": 1710618628.5105922, "_runtime": 4922.077273130417, "_step": 999, "_wandb": {"runtime": 4945}}