qwk,lwk,corr,rmse,mae
0.6584870310008973,0.4364015048949548,0.6796442502564497,0.1383322774468565,0.10819484777579143
