Metric,Value
QWK-high,0.7363010658635702
Correlation-high,0.7411634679599151
QWK-low,0.6383075010812365
Correlation-low,0.6952806761984465
