{"train_loss": 0.011352027300745249, "test_loss": 0.053784660443111705, "qwk": 0.6787806621976737, "lwk": 0.5146042411144158, "corr": 0.7144410034390746, "rmse": 0.2321040207559448, "mae": 0.1871721814995823, "_timestamp": 1710516036.699926, "_runtime": 251.3243589401245, "_step": 29, "_wandb": {"runtime": 250}}