Metric,Value
QWK-high,0.7378595751617121
Correlation-high,0.8111143304787758
QWK-low,0.700364867313839
Correlation-low,0.8102723106843088
