{"train_loss": 0.008028136566281319, "test_loss": 0.07298070234510134, "qwk": 0.4400470548693387, "lwk": 0.3159548875002345, "corr": 0.5651397274896122, "rmse": 0.2715542057743369, "mae": 0.21501522676712898, "_timestamp": 1710515001.8835769, "_runtime": 246.31136393547058, "_step": 29, "_wandb": {"runtime": 245}}