{"train_loss": 0.022089675068855286, "test_loss": 0.052287991890417676, "qwk": 0.5037218917284274, "lwk": 0.3208723004578915, "corr": 0.5694942658372026, "rmse": 0.22887618445777014, "mae": 0.1812666718821741, "_timestamp": 1710868181.7538438, "_runtime": 243.51183366775513, "_step": 29, "_wandb": {"runtime": 242}}