{"train_loss": 0.012230538781626488, "dev_loss": 0.0458538755774498, "test_loss": 0.04386007358078604, "best_qwk": 0.5953226104640414, "best_lwk": 0.47754533499301444, "best_corr": 0.6845367384313521, "best_rmse": 0.2098697107302174, "best_mae": 0.1646964098195071, "_timestamp": 1711023142.620036, "_runtime": 217.28388094902039, "_step": 49, "_wandb": {"runtime": 216}}