{"train_loss": 0.0020246722269803286, "test_loss": 0.007092050700025125, "qwk": 0.38927347920672994, "lwk": 0.22770629395658482, "corr": 0.4370039510208249, "rmse": 0.08415281722657297, "mae": 0.06609907819423153, "_timestamp": 1710520401.6957226, "_runtime": 109.10450959205627, "_step": 29, "_wandb": {"runtime": 108}}