{"train_loss": 0.004613606724888086, "test_loss": 0.02025297238510482, "qwk": 0.5911527537180143, "lwk": 0.3874645488589017, "corr": 0.6065336856733966, "rmse": 0.14249568606023388, "mae": 0.11190426067883044, "_timestamp": 1710869396.4838107, "_runtime": 214.23441076278687, "_step": 29, "_wandb": {"runtime": 213}}