{"train_loss": 0.01359433148554331, "dev_loss": 0.006301062336812417, "test_loss": 0.01667095128694118, "dev_qwk": 0.9209932279909707, "dev_lwk": 0.8278688524590164, "dev_corr": 0.9494031001951456, "dev_rmse": 0.07937922956045126, "dev_mae": 0.07112719019254049, "test_qwk": 0.5683824183646232, "test_lwk": 0.43862917138532853, "test_corr": 0.6426409053611638, "test_rmse": 0.12911247687973826, "test_mae": 0.10111309091531044, "best_test_qwk": 0.5683824183646232, "best_test_lwk": 0.43862917138532853, "best_test_corr": 0.6426409053611638, "best_test_rmse": 0.12911247687973826, "best_test_mae": 0.10111309091531044, "_timestamp": 1711469813.0684917, "_runtime": 249.52580380439758, "_step": 49, "_wandb": {"runtime": 248}}