{"QWK": 0.7710480937656183, "_timestamp": 1710866957.7423892, "_runtime": 5.555824279785156, "_step": 0, "_wandb": {"runtime": 1}}