{"QWK": 0.47760573045277477, "_timestamp": 1710871514.9510984, "_runtime": 5.743298530578613, "_step": 0, "_wandb": {"runtime": 1}}