{"train_loss": 0.016719156876206398, "test_loss": 0.030618715565651655, "qwk": 0.676084663503193, "lwk": 0.5194968117697951, "corr": 0.7160862116847707, "rmse": 0.17510879949497382, "mae": 0.1379661036880923, "_timestamp": 1710866260.4125671, "_runtime": 242.75052118301392, "_step": 29, "_wandb": {"runtime": 242}}