{"train_loss": 0.011757918577958744, "dev_loss": 0.06474865227937698, "test_loss": 0.05589730954832501, "best_qwk": 0.5762125635613748, "best_lwk": 0.4323237900401019, "best_corr": 0.689128812605981, "best_rmse": 0.22713464697689817, "best_mae": 0.1796642571208858, "_timestamp": 1711023381.0067205, "_runtime": 217.0443184375763, "_step": 49, "_wandb": {"runtime": 216}}