{"train_loss": 0.015334892198547471, "dev_loss": 0.020534107461571693, "test_loss": 0.020269531328231095, "best_qwk": 0.665493493212822, "best_lwk": 0.43499342581402245, "best_corr": 0.720405049905409, "best_rmse": 0.1127167016445485, "best_mae": 0.088756899155139, "_timestamp": 1711027836.1369345, "_runtime": 222.2842276096344, "_step": 49, "_wandb": {"runtime": 221}}