{"train_loss": 0.002115933215565372, "dev_loss": 0.041900914162397385, "test_loss": 0.0384643277874938, "dev_qwk": 0.8828606658446364, "dev_lwk": 0.6647058823529411, "dev_corr": 0.9536599519085975, "dev_rmse": 0.2051058157839067, "dev_mae": 0.17182801893601815, "test_qwk": 0.6427111682086947, "test_lwk": 0.43842279800688555, "test_corr": 0.7458916689987992, "test_rmse": 0.19610696448904105, "test_mae": 0.16263325443045354, "best_qwk": 0.6412927390210941, "_timestamp": 1710953798.7538643, "_runtime": 1450.4450912475586, "_step": 9, "_wandb": {"runtime": 1446}}