{"train_loss": 0.010549868457019329, "test_loss": 0.045602809970400164, "qwk": 0.5761257556448769, "lwk": 0.3945453056161763, "corr": 0.7239179313627013, "rmse": 0.21342240172193255, "mae": 0.17705771742572246, "_timestamp": 1710866805.2150712, "_runtime": 255.69602727890015, "_step": 29, "_wandb": {"runtime": 252}}