{"train_loss": 0.0150154556418306, "dev_loss": 0.01825595088303089, "test_loss": 0.01690617550164461, "best_qwk": 0.695515070847964, "best_lwk": 0.4681446553366918, "best_corr": 0.7082828924546812, "best_rmse": 0.12687149923994687, "best_mae": 0.09951120428619949, "_timestamp": 1711027597.2888129, "_runtime": 220.21845698356628, "_step": 49, "_wandb": {"runtime": 219}}