{"train_loss": 0.0123140262439847, "test_loss": 0.011183473544025962, "qwk": 0.6215363807294303, "lwk": 0.37293272791470244, "corr": 0.6950155904831506, "rmse": 0.10578910540793635, "mae": 0.08591128423750502, "_timestamp": 1710860228.1440125, "_runtime": 242.20203042030334, "_step": 29, "_wandb": {"runtime": 241}}