{"train_loss": 0.013545873457251032, "dev_loss": 0.0093397938956817, "test_loss": 0.01717592284904193, "dev_qwk": 0.9165120593692022, "dev_lwk": 0.8005908419497785, "dev_corr": 0.9317180907669314, "dev_rmse": 0.09664261070234587, "dev_mae": 0.07989003161589305, "test_qwk": 0.5681294139208188, "test_lwk": 0.4345140183499653, "test_corr": 0.649095272548896, "test_rmse": 0.13109192019153806, "test_mae": 0.10287234160366439, "best_test_qwk": 0.5681294139208188, "best_test_lwk": 0.4345140183499653, "best_test_corr": 0.649095272548896, "best_test_rmse": 0.13109192019153806, "best_test_mae": 0.10287234160366439, "_timestamp": 1711470465.7768128, "_runtime": 250.02536273002625, "_step": 49, "_wandb": {"runtime": 249}}