qwk,lwk,corr,rmse,mae
0.4542666006652899,0.28981563312128655,0.5593098961010536,0.22638859362268599,0.1814864563988783
