qwk,lwk,corr,rmse,mae
0.42868751590675935,0.24319639934875326,0.45708454019143324,0.09093423119917231,0.07052704184081968
