Metric,Value
QWK-high,0.7134106089448646
Correlation-high,0.8192602362700638
QWK-low,0.7134106089448646
Correlation-low,0.8192602362700638
