{"train_loss": 0.0274130180478096, "test_loss": 0.016385004804892973, "qwk": 0.4150696168242768, "lwk": 0.20380154626226166, "corr": 0.5122397147651452, "rmse": 0.12790650804448678, "mae": 0.1056860622700731, "_timestamp": 1710859272.9822388, "_runtime": 243.04377675056458, "_step": 29, "_wandb": {"runtime": 242}}