{"train_loss": 0.02222076725018652, "dev_loss": 0.021593176294118166, "test_loss": 0.0311653520911932, "dev_qwk": 0.6771172307553416, "dev_lwk": 0.5258005861305176, "dev_corr": 0.7580909893657787, "dev_rmse": 0.14984196127851987, "dev_mae": 0.11368594110829043, "test_qwk": 0.5695698959793914, "test_lwk": 0.41669694294094084, "test_corr": 0.6926597049165303, "test_rmse": 0.17710807426588437, "test_mae": 0.13983851213422085, "best_test_qwk": 0.5661490328993466, "best_test_lwk": 0.39618027167991243, "best_test_corr": 0.702244825113756, "best_test_rmse": 0.17959352873925033, "best_test_mae": 0.143935054557191, "_timestamp": 1711466390.4672894, "_runtime": 35.997910499572754, "_step": 29, "_wandb": {"runtime": 35}}