{"train_loss": 0.013643475648859156, "dev_loss": 0.0060193656633297605, "test_loss": 0.009572076275279479, "dev_qwk": 0.891308045585984, "dev_lwk": 0.6786556603773586, "dev_corr": 0.9172196970012731, "dev_rmse": 0.07758456990763615, "dev_mae": 0.060102373858292896, "test_qwk": 0.5744737124670497, "test_lwk": 0.3453237992382283, "test_corr": 0.6250477794241964, "test_rmse": 0.09741426946969009, "test_mae": 0.07863350971608624, "best_test_qwk": 0.6130807436092727, "best_test_lwk": 0.37690662320796525, "best_test_corr": 0.6307301457351059, "best_test_rmse": 0.08882407925084512, "best_test_mae": 0.07127454193123492, "_timestamp": 1711481058.2538354, "_runtime": 261.84548354148865, "_step": 49, "_wandb": {"runtime": 261}}