{"QWK": 0.46277225498018415, "_timestamp": 1710870780.6993892, "_runtime": 2.7197201251983643, "_step": 0, "_wandb": {"runtime": 2}}