{"train_loss": 0.013035781681537628, "test_loss": 0.051659405031906705, "qwk": 0.5918014788347191, "lwk": 0.41478680834858994, "corr": 0.6478957468033362, "rmse": 0.22707932007516082, "mae": 0.18826008297188182, "_timestamp": 1710867349.884912, "_runtime": 252.61384510993958, "_step": 29, "_wandb": {"runtime": 252}}