{"train_loss": 0.002157886889303511, "dev_loss": 0.01851146388798952, "test_loss": 0.02877675305615674, "dev_qwk": 0.8404255319148937, "dev_lwk": 0.612625538020086, "dev_corr": 0.8681494466674249, "dev_rmse": 0.13642668882786188, "dev_mae": 0.11665235310792924, "test_qwk": 0.5104181190066769, "test_lwk": 0.30804997185139915, "test_corr": 0.6808697122095418, "test_rmse": 0.16975914611706017, "test_mae": 0.13996430546492, "best_qwk": 0.561957325064879, "_timestamp": 1710930040.8542585, "_runtime": 1449.101652622223, "_step": 9, "_wandb": {"runtime": 1448}}