{"train_loss": 0.0016097339102998376, "test_loss": 0.0062879875767976046, "qwk": 0.5796347436034359, "lwk": 0.35972247926556866, "corr": 0.5897457415965375, "rmse": 0.07922562408307426, "mae": 0.061947471135622496, "_timestamp": 1710871485.2101362, "_runtime": 108.48725414276123, "_step": 29, "_wandb": {"runtime": 106}}