{"train_loss": 0.009804443456232548, "test_loss": 0.01827306639669197, "qwk": 0.444846196591281, "lwk": 0.3142844998884271, "corr": 0.5586573415518132, "rmse": 0.13541684481476382, "mae": 0.10000920167605801, "_timestamp": 1710513197.3540862, "_runtime": 243.82378125190735, "_step": 29, "_wandb": {"runtime": 243}}