{"train_loss": 0.015064940207770893, "dev_loss": 0.02316448837518692, "test_loss": 0.015384172721366798, "best_qwk": 0.6217658465934077, "best_lwk": 0.3741647763752668, "best_corr": 0.7997019456931976, "best_rmse": 0.1253471396171143, "best_mae": 0.10269110675750293, "_timestamp": 1711020120.825991, "_runtime": 212.68208384513855, "_step": 49, "_wandb": {"runtime": 211}}