qwk,lwk,corr,rmse,mae
0.5801431068025191,0.3719992726443385,0.6755415907406589,0.07318354637550008,0.05598541620414927
