qwk,lwk,corr,rmse,mae
0.3353762767733637,0.1616641415487221,0.4610207597753171,0.0897800456388854,0.07062899808748464
