qwk,lwk,corr,rmse,mae
0.348535296317793,0.15962783313195694,0.4360967730016105,0.08788764179099641,0.07009230731351412
