qwk,lwk,corr,rmse,mae
0.5276754742101162,0.29189169270520043,0.563925041366337,0.08025114158781406,0.06273366688115634
