{"QWK[DEV]": 0.8726500909642207, "QWK[TEST]": 0.5228798819700264, "QWK[BEST TEST]": 0.5140859373042657, "train_loss": 0.023990671573714775, "_timestamp": 1710961276.367109, "_runtime": 11.777004957199097, "_step": 99, "_wandb": {"runtime": 11}}