{"QWK": 0.5128596594245449, "_timestamp": 1710860812.4344459, "_runtime": 2.560074806213379, "_step": 0, "_wandb": {"runtime": 2}}