{"QWK[DEV]": 0.7850467289719626, "QWK[TEST]": 0.5928626836447995, "QWK[BEST TEST]": 0.56042710573679, "train_loss": 0.02084143643944778, "_timestamp": 1710949361.2770202, "_runtime": 14.307953119277954, "_step": 99, "_wandb": {"runtime": 10}}