{"QWK[DEV]": 0.8234655595970368, "QWK[TEST]": 0.4328557972235798, "QWK[BEST TEST]": 0.4524708519634171, "train_loss": 0.024858793049740296, "_timestamp": 1710974822.5684357, "_runtime": 10.969656705856323, "_step": 99, "_wandb": {"runtime": 10}}