{"train_loss": 0.013293435797095299, "test_loss": 0.016682712886143813, "qwk": 0.5127486807699143, "lwk": 0.2947354451502812, "corr": 0.5899045936804131, "rmse": 0.12915815072524384, "mae": 0.10888493229373142, "_timestamp": 1710860501.1345615, "_runtime": 243.0658414363861, "_step": 29, "_wandb": {"runtime": 242}}