qwk,lwk,corr,rmse,mae
0.6135390734106503,0.4853819861035247,0.694338274259313,0.2093345237118504,0.16547081418128237
