qwk,lwk,corr,rmse,mae
0.7265071614967378,0.50151394834653,0.7394095817821104,0.11996798014426563,0.0931299399748359
