qwk,lwk,corr,rmse,mae
0.5092134956492664,0.2951832091075428,0.6683357597799365,0.13251098139757908,0.11041155146282904
