qwk,lwk,corr,rmse,mae
0.733244220991274,0.5754779421045275,0.795509186195413,0.15117106570809366,0.12158241997630312
