qwk,lwk,corr,rmse,mae
0.7529200974925216,0.5318730392508568,0.8223892053192874,0.09933609526697451,0.07791347547203921
