qwk,lwk,corr,rmse,mae
0.5833406043684379,0.41645721238300526,0.7114958766884464,0.13490637569117478,0.10802130800183941
