qwk,lwk,corr,rmse,mae
0.6203291657837112,0.44444702844609285,0.6846971438020908,0.1799246441034618,0.14240041200278533
