qwk,lwk,corr,rmse,mae
0.6336407157140416,0.5100481671116606,0.7579157125642633,0.22929882350690872,0.17820204189783026
