{"train_loss": 0.0030698124319314957, "test_loss": 0.006495007059790872, "qwk": 0.358175706095883, "lwk": 0.19999256910188856, "corr": 0.44399522420182447, "rmse": 0.08036440311145962, "mae": 0.06394685991914757, "_timestamp": 1710871206.7996724, "_runtime": 107.47419238090515, "_step": 29, "_wandb": {"runtime": 106}}