{"train_loss": 0.010539975036003998, "dev_loss": 0.039084366212288536, "test_loss": 0.051517607138625215, "dev_qwk": 0.865424430641822, "dev_lwk": 0.7376788553259142, "dev_corr": 0.9102416616701826, "dev_rmse": 0.19769766354643387, "dev_mae": 0.13680156767368318, "test_qwk": 0.5984060896042591, "test_lwk": 0.4779539062597552, "test_corr": 0.710053094428487, "test_rmse": 0.22722785612083346, "test_mae": 0.1757542399601876, "best_test_qwk": 0.6289720578476864, "best_test_lwk": 0.491600086018476, "best_test_corr": 0.7247612750069488, "best_test_rmse": 0.21471616322700318, "best_test_mae": 0.17073586419327388, "_timestamp": 1711474081.0982122, "_runtime": 253.65557432174683, "_step": 49, "_wandb": {"runtime": 253}}