{"train_loss": 0.00202183573493782, "dev_loss": 0.018403622787445784, "test_loss": 0.022027006951739658, "dev_qwk": 0.8411647915287889, "dev_lwk": 0.678407350689127, "dev_corr": 0.8564078608024364, "dev_rmse": 0.13496373999209307, "dev_mae": 0.11040896841635307, "test_qwk": 0.5461306532663317, "test_lwk": 0.37550079087434907, "test_corr": 0.6252469933754377, "test_rmse": 0.14850670765405868, "test_mae": 0.11906040548209977, "best_qwk": 0.5420591751250978, "_timestamp": 1710933042.436442, "_runtime": 1460.3305208683014, "_step": 9, "_wandb": {"runtime": 1456}}