{"Reward": 0.04092884047325074, "DVRL Loss": 278.24636831710325, "Prob MAX": 0.58745276927948, "Prob MIN": 0.5819810032844543, "qwk": 0.8279816513761468, "_timestamp": 1710706453.719005, "_runtime": 4854.216747999191, "_step": 999, "_wandb": {"runtime": 4870}}