{"QWK[DEV]": 0.7971360381861575, "QWK[TEST]": 0.5943149370263168, "QWK[BEST TEST]": 0.5766899161305965, "train_loss": 0.020746979608454487, "_timestamp": 1710943012.4805007, "_runtime": 12.874349594116211, "_step": 99, "_wandb": {"runtime": 11}}