qwk,lwk,corr,rmse,mae
0.5432075770447808,0.3198296344884204,0.5621420737116191,0.12780089329414654,0.1031909033919632
