Metric,Value
QWK-high,0.622991746039278
Correlation-high,0.7643530271692786
QWK-low,0.5371228803307968
Correlation-low,0.662419554808895
