{"train_loss": 0.031373221427202225, "test_loss": 0.05470887977968563, "qwk": 0.5499819329606563, "lwk": 0.407766311853766, "corr": 0.67452759745902, "rmse": 0.23426296617909373, "mae": 0.19123054505352585, "_timestamp": 1710865578.2237933, "_runtime": 252.39340019226074, "_step": 29, "_wandb": {"runtime": 248}}