{"Reward": -0.016334987897171915, "DVRL Loss": -112.71264480500582, "Prob MAX": 0.46736639738082886, "Prob MIN": 0.4545433819293976, "qwk": 0.9053030303030303, "_timestamp": 1710695999.3879385, "_runtime": 4885.149985551834, "_step": 999, "_wandb": {"runtime": 4901}}