{"QWK[DEV]": 0.8772647574517826, "QWK[TEST]": 0.5369018249892333, "QWK[BEST TEST]": 0.5304456528209495, "train_loss": 0.023800784510306337, "_timestamp": 1710959786.8605928, "_runtime": 14.557979822158813, "_step": 99, "_wandb": {"runtime": 11}}