{"train_loss": 0.01393185555934906, "test_loss": 0.014104935323952563, "qwk": 0.5460265299926055, "lwk": 0.45091143211270174, "corr": 0.652741117546019, "rmse": 0.11878714989524543, "mae": 0.0984636615894364, "_timestamp": 1710862288.386066, "_runtime": 244.424085855484, "_step": 29, "_wandb": {"runtime": 243}}