{"Reward": 0.03464497946461387, "DVRL Loss": 223.38023786266183, "Prob MAX": 0.6508654952049255, "Prob MIN": 0.6466305255889893, "qwk": 0.8098055790363483, "_timestamp": 1710574485.3825216, "_runtime": 5179.592378616333, "_step": 999, "_wandb": {"runtime": 5204}}