{"train_loss": 0.013938963575554745, "dev_loss": 0.029336126521229744, "test_loss": 0.02888129205842103, "best_qwk": 0.7269979110345357, "best_lwk": 0.5845793491788125, "best_corr": 0.7829705119612118, "best_rmse": 0.15320898130880048, "best_mae": 0.12131584719453059, "_timestamp": 1711025717.6626937, "_runtime": 216.84922862052917, "_step": 49, "_wandb": {"runtime": 216}}