{"QWK[DEV]": 0.7777777777777778, "QWK[TEST]": 0.5925850998967809, "QWK[BEST TEST]": 0.5748077285394118, "train_loss": 0.02099812284789302, "_timestamp": 1710946380.4295895, "_runtime": 11.257356405258179, "_step": 99, "_wandb": {"runtime": 10}}