{"train_loss": 0.002051123987850068, "dev_loss": 0.021959492936730385, "test_loss": 0.03163936203345656, "dev_qwk": 0.8707753479125249, "dev_lwk": 0.6721854304635762, "dev_corr": 0.950204320712641, "dev_rmse": 0.14853087770278714, "dev_mae": 0.12011792020251354, "test_qwk": 0.43533855676799205, "test_lwk": 0.2083641228522961, "test_corr": 0.6843572976441258, "test_rmse": 0.17779039052686738, "test_mae": 0.14993184438125107, "best_qwk": 0.47657493505119497, "_timestamp": 1710922332.7046251, "_runtime": 1459.8172521591187, "_step": 9, "_wandb": {"runtime": 1459}}