{"Reward": 0.004826905362552036, "DVRL Loss": 32.89867630575036, "Prob MAX": 0.5759150385856628, "Prob MIN": 0.5694453120231628, "qwk": 0.917402996542451, "_timestamp": 1710070304.386, "_runtime": 1633.1577208042145, "_step": 295, "_wandb": {"runtime": 1622}}