{"train_loss": 0.013794868442877624, "dev_loss": 0.0106143265341719, "test_loss": 0.009383539982743307, "dev_qwk": 0.9416480018861252, "dev_lwk": 0.7641509433962264, "dev_corr": 0.9612066825474026, "dev_rmse": 0.1030258530217535, "dev_mae": 0.08426106721162796, "test_qwk": 0.7355456185243794, "test_lwk": 0.514626216048017, "test_corr": 0.7813494937853569, "test_rmse": 0.09696594053475867, "test_mae": 0.07672026226402213, "best_test_qwk": 0.7359657053178175, "best_test_lwk": 0.5178487695574773, "best_test_corr": 0.7900943969464637, "best_test_rmse": 0.09401670158646584, "best_test_mae": 0.07378500239276505, "_timestamp": 1711468178.4913917, "_runtime": 247.48034477233887, "_step": 49, "_wandb": {"runtime": 246}}