qwk,lwk,corr,rmse,mae
0.7086427922097109,0.47878499433829985,0.7205592815701644,0.12379101561581421,0.09753551997049664
