qwk,lwk,corr,rmse,mae
0.5945337137708365,0.44271629782881095,0.689232688581099,0.178174419076483,0.13678976493577163
