qwk,lwk,corr,rmse,mae
0.6342642035341257,0.5019834655046205,0.7558341110498001,0.21553692807678151,0.16708969370237053
