qwk,lwk,corr,rmse,mae
0.7356525866044111,0.5121408776791665,0.8025473589117549,0.09723486729368186,0.07631592885019134
