qwk,lwk,corr,rmse,mae
0.5694702264652062,0.4244938819198989,0.6923057339919275,0.22743082499507628,0.18081999560958367
