qwk,lwk,corr,rmse,mae
0.5432542124929802,0.31343247507030614,0.6774526103142883,0.12128726633223574,0.10062644934670724
