qwk,lwk,corr,rmse,mae
0.6159057079498163,0.46990273725474385,0.7163267833816482,0.12296778734978069,0.09786778683458207
