qwk,lwk,corr,rmse,mae
0.7270263196402413,0.5707541988010916,0.8063647311687939,0.14974132822503566,0.12002897581235193
