{"QWK[DEV]": 0.8513532712935995, "QWK[TEST]": 0.7030762338095722, "QWK[BEST TEST]": 0.5507496486039238, "train_loss": 0.0250938112123145, "_timestamp": 1710967239.534468, "_runtime": 11.47652292251587, "_step": 99, "_wandb": {"runtime": 10}}