{"train_loss": 0.012211134787698764, "dev_loss": 0.013243896421045065, "test_loss": 0.03625529381778028, "dev_qwk": 0.9251123315027459, "dev_lwk": 0.7991967871485943, "dev_corr": 0.9724839033473005, "dev_rmse": 0.11508212899730765, "dev_mae": 0.09314992800354957, "test_qwk": 0.5358712525627002, "test_lwk": 0.383454908232296, "test_corr": 0.6188477369306451, "test_rmse": 0.19040822874752011, "test_mae": 0.14721227510500762, "best_test_qwk": 0.5718293329055328, "best_test_lwk": 0.40455991775481254, "best_test_corr": 0.6429788666570169, "best_test_rmse": 0.18487059453463275, "best_test_mae": 0.14687961812452072, "_timestamp": 1711476714.4196658, "_runtime": 252.94028878211975, "_step": 49, "_wandb": {"runtime": 252}}