{"train_loss": 0.012973912083419218, "dev_loss": 0.01321245435004433, "test_loss": 0.036528798927800296, "dev_qwk": 0.9078726968174204, "dev_lwk": 0.7669491525423727, "dev_corr": 0.9703769725486656, "dev_rmse": 0.1149454438611767, "dev_mae": 0.09124133139848709, "test_qwk": 0.5436041672105427, "test_lwk": 0.38557209922089164, "test_corr": 0.6111340529740956, "test_rmse": 0.19112508576599743, "test_mae": 0.15083983772892062, "best_test_qwk": 0.5844139837600937, "best_test_lwk": 0.4347938803108343, "best_test_corr": 0.6697030045497369, "best_test_rmse": 0.1794600041826927, "best_test_mae": 0.13850184360803183, "_timestamp": 1711477046.9994736, "_runtime": 253.87795758247375, "_step": 49, "_wandb": {"runtime": 253}}