{"train_loss": 0.009344861215379622, "dev_loss": 0.018498401157557964, "test_loss": 0.028960426414216107, "dev_qwk": 0.8822297827793771, "dev_lwk": 0.7021839841164791, "dev_corr": 0.9377000443378782, "dev_rmse": 0.13818320924781496, "dev_mae": 0.10265382255117099, "test_qwk": 0.46023204148290164, "test_lwk": 0.22415990160989918, "test_corr": 0.715765353028944, "test_rmse": 0.17023027233112786, "test_mae": 0.1438601849822745, "_timestamp": 1710918895.652858, "_runtime": 603.3972809314728, "_step": 3, "_wandb": {"runtime": 701}}