{"train_loss": 0.0017696201462885338, "dev_loss": 0.06892386078834534, "test_loss": 0.057588567430118344, "dev_qwk": 0.6760563380281691, "dev_lwk": 0.4385026737967914, "dev_corr": 0.8744428647587367, "dev_rmse": 0.2602105594962091, "dev_mae": 0.22496641923983893, "test_qwk": 0.4951746241175853, "test_lwk": 0.3576832759063938, "test_corr": 0.6999179490988057, "test_rmse": 0.23997618141837693, "test_mae": 0.18925382186030476, "best_qwk": 0.5318550181254884, "_timestamp": 1710936304.2249222, "_runtime": 1465.5964801311493, "_step": 9, "_wandb": {"runtime": 1465}}