{"QWK[DEV]": 0.7338537970191625, "QWK[TEST]": 0.5385833003561535, "QWK[BEST TEST]": 0.562445737219978, "train_loss": 0.021635725797916002, "_timestamp": 1710939486.2117906, "_runtime": 14.354310512542725, "_step": 99, "_wandb": {"runtime": 10}}