{"QWK": 0.44892480022464554, "_timestamp": 1710867655.0871897, "_runtime": 5.6377856731414795, "_step": 0, "_wandb": {"runtime": 2}}