{"train_loss": 0.00197562236869801, "dev_loss": 0.033815148286521435, "test_loss": 0.03671833521241809, "dev_qwk": 0.8067226890756303, "dev_lwk": 0.6013986013986015, "dev_corr": 0.8827847048297701, "dev_rmse": 0.18559841984659983, "dev_mae": 0.14815872721374035, "test_qwk": 0.5584970352231566, "test_lwk": 0.3757532671661603, "test_corr": 0.6700886375121321, "test_rmse": 0.19171362366681977, "test_mae": 0.15658454419413614, "best_qwk": 0.5130019768336297, "_timestamp": 1710964224.1238828, "_runtime": 1450.9566507339478, "_step": 9, "_wandb": {"runtime": 1447}}