{"train_loss": 0.014014431164516044, "dev_loss": 0.011038668919354677, "test_loss": 0.036983712568437146, "dev_qwk": 0.9449396958573676, "dev_lwk": 0.8563611491108072, "dev_corr": 0.9655874789004357, "dev_rmse": 0.10506507185048679, "dev_mae": 0.08899359355370204, "test_qwk": 0.5607124042780776, "test_lwk": 0.39738660064822395, "test_corr": 0.6160554456635623, "test_rmse": 0.1923114969621886, "test_mae": 0.15159290919322416, "best_test_qwk": 0.5607124042780776, "best_test_lwk": 0.39738660064822395, "best_test_corr": 0.6160554456635623, "best_test_rmse": 0.1923114969621886, "best_test_mae": 0.15159290919322416, "_timestamp": 1711476386.1051433, "_runtime": 254.95144128799438, "_step": 49, "_wandb": {"runtime": 254}}