{"QWK[DEV]": 0.8848198464264619, "QWK[TEST]": 0.5140098596078704, "QWK[BEST TEST]": 0.5381909458461398, "train_loss": 0.023400497030128132, "_timestamp": 1710958298.790022, "_runtime": 11.133539915084839, "_step": 99, "_wandb": {"runtime": 10}}