{"QWK": 0.5226262417976064, "_timestamp": 1710869172.786544, "_runtime": 2.607941150665283, "_step": 0, "_wandb": {"runtime": 2}}