{"train_loss": 0.002223356003705856, "dev_loss": 0.032542767003178596, "test_loss": 0.02775213871266424, "dev_qwk": 0.7271608735773608, "dev_lwk": 0.4583008573655496, "dev_corr": 0.8247996638416036, "dev_rmse": 0.18200995883946097, "dev_mae": 0.15569282428671916, "test_qwk": 0.4746853580432655, "test_lwk": 0.240994230031892, "test_corr": 0.658369498651573, "test_rmse": 0.16608079459129393, "test_mae": 0.14076657338119933, "best_qwk": 0.5515288670793985, "_timestamp": 1710971725.8126657, "_runtime": 1466.5166647434235, "_step": 9, "_wandb": {"runtime": 1462}}