{"QWK": 0.5835920465010693, "_timestamp": 1710864095.4033976, "_runtime": 2.5911166667938232, "_step": 0, "_wandb": {"runtime": 2}}