{"QWK[DEV]": 0.8792409430707303, "QWK[TEST]": 0.5424390214773978, "QWK[BEST TEST]": 0.5310527974399988, "train_loss": 0.023623596453531223, "_timestamp": 1710962764.2031603, "_runtime": 11.367040395736694, "_step": 99, "_wandb": {"runtime": 10}}