{"QWK[DEV]": 0.7537619699042408, "QWK[TEST]": 0.27577087780059883, "QWK[BEST TEST]": 0.2881115428049882, "train_loss": 0.02392200194299221, "_timestamp": 1710933200.8470492, "_runtime": 11.179174184799194, "_step": 99, "_wandb": {"runtime": 10}}