{"train_loss": 0.017891624942421913, "test_loss": 0.07851109302268838, "qwk": 0.42968543477712084, "lwk": 0.2996273075737532, "corr": 0.5126825365642964, "rmse": 0.2801983088324627, "mae": 0.23313708350343523, "_timestamp": 1710514237.8537877, "_runtime": 235.53646874427795, "_step": 29, "_wandb": {"runtime": 234}}