qwk,lwk,corr,rmse,mae
0.3532173407148925,0.26110806363137684,0.4817346622623096,0.3678548167977385,0.29593901261475014
