{"QWK[DEV]": 0.8586866167913549, "QWK[TEST]": 0.41601372503029854, "QWK[BEST TEST]": 0.45890278016836594, "train_loss": 0.025491595691577953, "_timestamp": 1710919108.462203, "_runtime": 11.635335922241211, "_step": 99, "_wandb": {"runtime": 11}}