{"train_loss": 0.0021941293380223215, "test_loss": 0.012869380443589762, "qwk": 0.7228535625755736, "lwk": 0.493534759052909, "corr": 0.7317367689737042, "rmse": 0.11368779563912844, "mae": 0.08944766996446764, "_timestamp": 1710520044.0739036, "_runtime": 241.36769247055054, "_step": 29, "_wandb": {"runtime": 240}}