qwk,lwk,corr,rmse,mae
0.5937255999581048,0.48254729226664683,0.64467122077814,0.12351176868630795,0.09548516635108971
