{"QWK[DEV]": 0.79141731134141, "QWK[TEST]": 0.42660227309710574, "QWK[BEST TEST]": 0.547491480172887, "train_loss": 0.02542928377321611, "_timestamp": 1710979527.774383, "_runtime": 14.343167066574097, "_step": 99, "_wandb": {"runtime": 10}}