{"train_loss": 0.014207801528342515, "dev_loss": 0.024587785564584748, "test_loss": 0.009942422428444111, "dev_qwk": 0.6669413052883086, "dev_lwk": 0.5049631517753714, "dev_corr": 0.7604431074004797, "dev_rmse": 0.15680492703317422, "dev_mae": 0.12030263454209836, "test_qwk": 0.7305279683221727, "test_lwk": 0.5123786403196098, "test_corr": 0.7933626409907202, "test_rmse": 0.0998034409134712, "test_mae": 0.0781264153972009, "best_test_qwk": 0.7717700923956361, "best_test_lwk": 0.5492932774675141, "best_test_corr": 0.8259555334813506, "best_test_rmse": 0.0964018419522651, "best_test_mae": 0.07600051304612745, "_timestamp": 1711290268.4197342, "_runtime": 240.1942663192749, "_step": 49, "_wandb": {"runtime": 239}}