{"train_loss": 0.009398287162184715, "test_loss": 0.03770073720000007, "qwk": 0.6117073035215197, "lwk": 0.44003010985638813, "corr": 0.6590020605982736, "rmse": 0.19431870526908282, "mae": 0.1551048590881484, "_timestamp": 1710517865.87929, "_runtime": 251.4882001876831, "_step": 29, "_wandb": {"runtime": 250}}