{"train_loss": 0.021845333626202283, "dev_loss": 0.02201818489092624, "test_loss": 0.00805596395801524, "dev_qwk": 0.6777383832350671, "dev_lwk": 0.5292012883861051, "dev_corr": 0.7879057670793098, "dev_rmse": 0.1483852568234868, "dev_mae": 0.11331448540801094, "test_qwk": 0.7845199782511938, "test_lwk": 0.5668068154209378, "test_corr": 0.8169597137653145, "test_rmse": 0.08979916918907146, "test_mae": 0.07037848111741407, "best_test_qwk": 0.7773824514788427, "best_test_lwk": 0.5563045440285721, "best_test_corr": 0.8268070857992684, "best_test_rmse": 0.09655359685283986, "best_test_mae": 0.07581879207744267, "_timestamp": 1711296483.733814, "_runtime": 233.52382397651672, "_step": 49, "_wandb": {"runtime": 227}}