{"Reward": 0.02879920717476725, "DVRL Loss": 178.9196869462656, "Prob MAX": 0.31524962186813354, "Prob MIN": 0.312790185213089, "qwk": 0.9037014745711707, "_timestamp": 1710716885.7458856, "_runtime": 4889.229673624039, "_step": 999, "_wandb": {"runtime": 4906}}