{"Reward": 0.0025785782657108403, "DVRL Loss": 12.286436916401659, "Prob MAX": 0.18742087483406067, "Prob MIN": 0.17746420204639435, "qwk": 0.8335644937586686, "_timestamp": 1710592205.7641885, "_runtime": 4750.492668628693, "_step": 999, "_wandb": {"runtime": 4775}}