{"train_loss": 0.010486084367817347, "dev_loss": 0.01999003378053506, "test_loss": 0.040174894938793254, "dev_qwk": 0.8727735368956743, "dev_lwk": 0.732620320855615, "dev_corr": 0.9422602437225767, "dev_rmse": 0.14138611577152513, "dev_mae": 0.12287505269050598, "test_qwk": 0.6083259775809763, "test_lwk": 0.5010918955578162, "test_corr": 0.682014603928138, "test_rmse": 0.20046442835659464, "test_mae": 0.15714115400816192, "best_test_qwk": 0.5896092239025114, "best_test_lwk": 0.45932369920259086, "best_test_corr": 0.6858858252934562, "best_test_rmse": 0.20830224686434765, "best_test_mae": 0.1660952799215491, "_timestamp": 1711471446.4521403, "_runtime": 250.73300528526306, "_step": 49, "_wandb": {"runtime": 250}}