{"train_loss": 0.0017954392921472556, "dev_loss": 0.06316135078668594, "test_loss": 0.05489156667564837, "dev_qwk": 0.7112860892388452, "dev_lwk": 0.47916666666666674, "dev_corr": 0.8744775080982472, "dev_rmse": 0.2508430095635854, "dev_mae": 0.21231493974725404, "test_qwk": 0.5190723162974524, "test_lwk": 0.38719013116543144, "test_corr": 0.7007182095253393, "test_rmse": 0.23428949254762593, "test_mae": 0.18353604029574133, "best_qwk": 0.5839422073811058, "_timestamp": 1710942850.9903135, "_runtime": 1456.630600452423, "_step": 9, "_wandb": {"runtime": 1452}}