{"QWK": 0.6427703562767141, "_timestamp": 1710862315.0431294, "_runtime": 2.5731234550476074, "_step": 0, "_wandb": {"runtime": 2}}