qwk,lwk,corr,rmse,mae
0.6035713420255688,0.48731421159025884,0.673223321454627,0.11674945273558038,0.09068927737648948
