qwk,lwk,corr,rmse,mae
0.6170413457003616,0.5103117069180826,0.7171263509104049,0.11301310794761353,0.08825614379389467
