qwk,lwk,corr,rmse,mae
0.5086142170092738,0.3882735113656076,0.7033971741006987,0.12607311365517151,0.10055321515087158
