qwk,lwk,corr,rmse,mae
0.6154746119647454,0.5078869122612508,0.7238750506995719,0.10724569099260904,0.08530518948540787
