qwk,lwk,corr,rmse,mae
0.6379053298546403,0.5197572448302531,0.72837118570451,0.10795520814007395,0.0864507940735614
