{"Reward": -0.14248784222495248, "DVRL Loss": -139.02899604620876, "Prob MAX": 0.9975696206092834, "Prob MIN": 0.0024493925739079714, "qwk": 0.7700882489549465, "_timestamp": 1710166557.0820978, "_runtime": 5515.379869699478, "_step": 999, "_wandb": {"runtime": 5544}}