{"QWK": 0.7010232443504705, "_timestamp": 1710859975.4730527, "_runtime": 2.5981757640838623, "_step": 0, "_wandb": {"runtime": 2}}