qwk,lwk,corr,rmse,mae
0.7243884075105245,0.4946316187004066,0.7371002927325545,0.12434940527659398,0.09803083739400746
