qwk,lwk,corr,rmse,mae
0.6214602471032424,0.4927144376934147,0.6986948508320131,0.21030140540303713,0.1657928868217409
