qwk,lwk,corr,rmse,mae
0.639574477598738,0.5071037591710379,0.7559441420161658,0.2116242283590766,0.16427766366884886
