qwk,lwk,corr,rmse,mae
0.7229653825238272,0.5582130651813603,0.7986096756148425,0.15478919741532549,0.1255725231940066
