qwk,lwk,corr,rmse,mae
0.6038126749022094,0.4439974533166353,0.7016364047180214,0.172954647491243,0.13454718827373452
