qwk,lwk,corr,rmse,mae
0.7452778433368519,0.517525713805838,0.8177606375351725,0.09894298575111289,0.07797846298370212
