qwk,lwk,corr,rmse,mae
0.584356912951229,0.4217999753467766,0.708873321381941,0.13653707081063554,0.10860182665644816
