qwk,lwk,corr,rmse,mae
0.516914162000542,0.29141949682442536,0.6705263810122973,0.12639028992587184,0.10496418662420777
