{"train_loss": 0.025030551478266716, "test_loss": 0.0950524475086819, "qwk": 0.5401920834643836, "lwk": 0.385852455143338, "corr": 0.6013605169064343, "rmse": 0.30921934432264764, "mae": 0.25094541583111857, "_timestamp": 1710865022.1610796, "_runtime": 239.79244756698608, "_step": 29, "_wandb": {"runtime": 239}}