{"train_loss": 0.010362095199525356, "test_loss": 0.016088212075244104, "qwk": 0.4726545981756308, "lwk": 0.3306044639783951, "corr": 0.5822641576804578, "rmse": 0.12711562857841965, "mae": 0.10063622372300782, "_timestamp": 1710861343.7704213, "_runtime": 245.43149518966675, "_step": 29, "_wandb": {"runtime": 243}}