{"QWK[DEV]": 0.7477360931435963, "QWK[TEST]": 0.55326947535398, "QWK[BEST TEST]": 0.5702151055909046, "train_loss": 0.02093956158073111, "_timestamp": 1710937852.921559, "_runtime": 11.374796152114868, "_step": 99, "_wandb": {"runtime": 10}}