{"train_loss": 0.011374537833034992, "test_loss": 0.015117427943782373, "qwk": 0.5770133902672121, "lwk": 0.34018600482366823, "corr": 0.669448516924616, "rmse": 0.12300748613026995, "mae": 0.10380062091132945, "_timestamp": 1710859823.1946821, "_runtime": 242.41230511665344, "_step": 29, "_wandb": {"runtime": 241}}