{"train_loss": 0.014068195947578976, "dev_loss": 0.02961425855755806, "test_loss": 0.028485351175601994, "best_qwk": 0.734068359608279, "best_lwk": 0.5795041272908061, "best_corr": 0.7933525470344613, "best_rmse": 0.14900077003971546, "best_mae": 0.11910575542651432, "_timestamp": 1711025252.5534947, "_runtime": 218.35057759284973, "_step": 49, "_wandb": {"runtime": 217}}