{"QWK[DEV]": 0.7747291046194791, "QWK[TEST]": 0.3658670638740439, "QWK[BEST TEST]": 0.4532194044614295, "train_loss": 0.02614652276194344, "_timestamp": 1710973252.39008, "_runtime": 10.976777076721191, "_step": 99, "_wandb": {"runtime": 10}}