{"train_loss": 0.002255853438356529, "dev_loss": 0.01608953159302473, "test_loss": 0.023339614725193462, "dev_qwk": 0.8577235772357723, "dev_lwk": 0.6764252696456086, "dev_corr": 0.8856127824632694, "dev_rmse": 0.12692822108636873, "dev_mae": 0.10484412387013435, "test_qwk": 0.48711158410573074, "test_lwk": 0.3049074650136048, "test_corr": 0.6893538419865477, "test_rmse": 0.15286471658104162, "test_mae": 0.12350570874254965, "best_qwk": 0.4732604842628856, "_timestamp": 1710934777.789905, "_runtime": 1448.1294841766357, "_step": 9, "_wandb": {"runtime": 1447}}