qwk,lwk,corr,rmse,mae
0.6800082931111853,0.5340960845265903,0.783210510765218,0.19508477975713118,0.16190046076677436
