qwk,lwk,corr,rmse,mae
0.5211824296649585,0.3795762291792883,0.7336288067681015,0.22090749878801158,0.1694521383880627
