qwk,lwk,corr,rmse,mae
0.5358351860622041,0.402605416792291,0.7371264439500033,0.22278381396872113,0.17343080442390377
