qwk,lwk,corr,rmse,mae
0.4689240187898702,0.3054224159880643,0.74194658251339,0.25582159833514745,0.21565787204484504
