qwk,lwk,corr,rmse,mae
0.6608441397845378,0.5226341510241359,0.7359450627367885,0.21719301720546086,0.1714676891371574
