{"train_loss": 0.002003367190859261, "dev_loss": 0.03447425365447998, "test_loss": 0.031474891406743186, "dev_qwk": 0.7029580428235488, "dev_lwk": 0.4245723172628305, "dev_corr": 0.7676808744060195, "dev_rmse": 0.18804847422528984, "dev_mae": 0.16415644567459822, "test_qwk": 0.46769191158766227, "test_lwk": 0.23823947366490505, "test_corr": 0.6781420240118244, "test_rmse": 0.17617170586845401, "test_mae": 0.1494772035623716, "best_qwk": 0.5505741348390563, "_timestamp": 1710967212.7536094, "_runtime": 1463.4331624507904, "_step": 9, "_wandb": {"runtime": 1462}}