{"QWK": 0.5531530804683482, "_timestamp": 1710863410.218793, "_runtime": 2.584796905517578, "_step": 0, "_wandb": {"runtime": 2}}