{"train_loss": 0.015543715195464236, "dev_loss": 0.013062018901109695, "test_loss": 0.017480500375053713, "best_qwk": 0.549587254063302, "best_lwk": 0.4042242984094676, "best_corr": 0.7053548168472136, "best_rmse": 0.1323923678952492, "best_mae": 0.10556434568573986, "_timestamp": 1711021745.3632474, "_runtime": 216.99562549591064, "_step": 49, "_wandb": {"runtime": 214}}