{"QWK[DEV]": 0.8317171574178935, "QWK[TEST]": 0.6486591837704752, "QWK[BEST TEST]": 0.5622507941053592, "train_loss": 0.025018047789732614, "_timestamp": 1710965740.2229834, "_runtime": 11.09337043762207, "_step": 99, "_wandb": {"runtime": 10}}