{"Reward": -0.15925133785514567, "DVRL Loss": -888.1795474483032, "Prob MAX": 0.2591659128665924, "Prob MIN": 0.25207048654556274, "qwk": 0.7533247533247533, "_timestamp": 1710175817.2162392, "_runtime": 5383.348299264908, "_step": 999, "_wandb": {"runtime": 5418}}