{"train_loss": 0.02033457704084484, "dev_loss": 0.020948889266167368, "test_loss": 0.01750478720558541, "dev_qwk": 0.6809868584344481, "dev_lwk": 0.5247988473186002, "dev_corr": 0.8000485945775713, "dev_rmse": 0.14467098606350823, "dev_mae": 0.11122908507074629, "test_qwk": 0.6058453013725122, "test_lwk": 0.349755172249991, "test_corr": 0.8175440466023203, "test_rmse": 0.1323031708264702, "test_mae": 0.1095572851945093, "best_test_qwk": 0.6251273168551363, "best_test_lwk": 0.3553074203415535, "best_test_corr": 0.8139163090828185, "best_test_rmse": 0.14063447535905846, "best_test_mae": 0.1174746192636546, "_timestamp": 1711289793.0022786, "_runtime": 128.37734055519104, "_step": 49, "_wandb": {"runtime": 127}}