{"train_loss": 0.011794705764094198, "dev_loss": 0.06673230230808258, "test_loss": 0.05471405466752393, "best_qwk": 0.5628931935311889, "best_lwk": 0.4237937468407702, "best_corr": 0.7178267739602258, "best_rmse": 0.21771331760744833, "best_mae": 0.1742504575598801, "_timestamp": 1711024085.2592497, "_runtime": 219.7206687927246, "_step": 49, "_wandb": {"runtime": 216}}