{"train_loss": 0.015457096964653048, "dev_loss": 0.01895196922123432, "test_loss": 0.020406720028924092, "best_qwk": 0.5785093408033812, "best_lwk": 0.44463329537872165, "best_corr": 0.6910721651763544, "best_rmse": 0.12237386448142011, "best_mae": 0.0973963205706817, "_timestamp": 1711022208.108684, "_runtime": 214.68082904815674, "_step": 49, "_wandb": {"runtime": 214}}