{"train_loss": 0.01194419558837106, "dev_loss": 0.00853640865534544, "test_loss": 0.03757608691388267, "dev_qwk": 0.9457364341085271, "dev_lwk": 0.8582995951417004, "dev_corr": 0.9792292939584711, "dev_rmse": 0.0923926835831138, "dev_mae": 0.07563235511382421, "test_qwk": 0.554596526104544, "test_lwk": 0.36653203128994327, "test_corr": 0.618002990713292, "test_rmse": 0.19384552133281738, "test_mae": 0.15614706232807057, "best_test_qwk": 0.5858498504567918, "best_test_lwk": 0.4234684822124771, "best_test_corr": 0.633372823217882, "best_test_rmse": 0.1894785112825128, "best_test_mae": 0.14793601235701034, "_timestamp": 1711477706.4729748, "_runtime": 253.77980184555054, "_step": 49, "_wandb": {"runtime": 253}}