qwk,lwk,corr,rmse,mae
0.37310444656660974,0.23358254007724866,0.4784360432526278,0.29846022398057376,0.25151077650030546
