Metric,Value
QWK-high,0.6576172474537274
Correlation-high,0.6963673142142864
QWK-low,0.5508403484851568
Correlation-low,0.7170717525077
