qwk,lwk,corr,rmse,mae
0.42375809572705697,0.30934577213755254,0.5196790947191923,0.2736323040612118,0.21991180489466441
