{"train_loss": 0.010815329849720001, "test_loss": 0.03178264458071102, "qwk": 0.6373095293205314, "lwk": 0.4796271537900427, "corr": 0.6806140319618014, "rmse": 0.17873838466733577, "mae": 0.14236694019844479, "_timestamp": 1710518131.7228215, "_runtime": 254.53029537200928, "_step": 29, "_wandb": {"runtime": 254}}