{"train_loss": 0.01141480676141266, "dev_loss": 0.045847014213601746, "test_loss": 0.05535266801714897, "dev_qwk": 0.829666430092264, "dev_lwk": 0.664, "dev_corr": 0.892105875686859, "dev_rmse": 0.2141191576809628, "dev_mae": 0.16407833496729532, "test_qwk": 0.5685201970287792, "test_lwk": 0.4459337057728119, "test_corr": 0.6997255193291115, "test_rmse": 0.23534309290895628, "test_mae": 0.1840160755883265, "best_test_qwk": 0.6242157141363616, "best_test_lwk": 0.49225834934622004, "best_test_corr": 0.7295929607728094, "best_test_rmse": 0.21577695859249205, "best_test_mae": 0.16926945887086858, "_timestamp": 1711473094.240992, "_runtime": 254.0185899734497, "_step": 49, "_wandb": {"runtime": 253}}