{"QWK": 0.5175414527066755, "_timestamp": 1710860527.7592416, "_runtime": 2.655512571334839, "_step": 0, "_wandb": {"runtime": 2}}