{"train_loss": 0.0021482517082741432, "dev_loss": 0.018483308143913746, "test_loss": 0.025603816590525887, "dev_qwk": 0.7790448233036017, "dev_lwk": 0.5053369444001912, "dev_corr": 0.8933410487816149, "dev_rmse": 0.13567174375165164, "dev_mae": 0.11620426774024964, "test_qwk": 0.2720946154681094, "test_lwk": 0.10707335329341328, "test_corr": 0.5785766753719536, "test_rmse": 0.15954382998390843, "test_mae": 0.13928560489011876, "best_qwk": 0.3850012600300215, "_timestamp": 1710981069.6531198, "_runtime": 1534.051953792572, "_step": 9, "_wandb": {"runtime": 1530}}