qwk,lwk,corr,rmse,mae
0.7750116360594115,0.6325387274915202,0.8093753843319819,0.14285745528443214,0.11302792949859912
