qwk,lwk,corr,rmse,mae
0.7203918444750095,0.5583046336522073,0.7812493377010148,0.15611620658616868,0.12505332634389565
