qwk,lwk,corr,rmse,mae
0.7195302852184103,0.5609338089126787,0.7862189819495098,0.15549440955293833,0.12382079275361059
