qwk,lwk,corr,rmse,mae
0.7169033525554444,0.5635963192112909,0.8214581071374375,0.14723543767326938,0.11813260067532928
