qwk,lwk,corr,rmse,mae
0.7556880605804911,0.6090708117611516,0.8049553480448625,0.15067872056842668,0.12186734137277525
