{"train_loss": 0.017372945323586464, "test_loss": 0.06533584785911273, "qwk": 0.4747264401060497, "lwk": 0.3599604679872773, "corr": 0.5230862303041616, "rmse": 0.2556087791797501, "mae": 0.2129611514491152, "_timestamp": 1710863392.8147638, "_runtime": 246.5547318458557, "_step": 29, "_wandb": {"runtime": 242}}