qwk,lwk,corr,rmse,mae
0.5490969082654082,0.3441413573303337,0.5661484065830746,0.1535155550470171,0.12189222668972408
