{"QWK[DEV]": 0.8400740397963906, "QWK[TEST]": 0.6853962970159623, "QWK[BEST TEST]": 0.612318751650613, "train_loss": 0.025301712130506835, "_timestamp": 1710970248.6599278, "_runtime": 11.509764909744263, "_step": 99, "_wandb": {"runtime": 10}}