{"train_loss": 0.012112744509729302, "dev_loss": 0.053328219801187515, "test_loss": 0.04940252897462675, "best_qwk": 0.6238378244577465, "best_lwk": 0.48021703235349045, "best_corr": 0.7194314169818313, "best_rmse": 0.2179918932569304, "best_mae": 0.17188617507109138, "_timestamp": 1711023616.8871276, "_runtime": 215.73269772529602, "_step": 49, "_wandb": {"runtime": 215}}