{"train_loss": 0.016648959597395784, "dev_loss": 0.017808493226766586, "test_loss": 0.014712822176516056, "best_qwk": 0.7222653267363363, "best_lwk": 0.4870910599205213, "best_corr": 0.7278433313546058, "best_rmse": 0.11586114430340438, "best_mae": 0.09187203370726983, "_timestamp": 1711027126.1934347, "_runtime": 220.19351077079773, "_step": 49, "_wandb": {"runtime": 219}}