{"train_loss": 0.0019308633103597372, "dev_loss": 0.06671341881155968, "test_loss": 0.046926486382790664, "dev_qwk": 0.7582417582417581, "dev_lwk": 0.6196513470681457, "dev_corr": 0.8309875540808774, "dev_rmse": 0.26210046876074033, "dev_mae": 0.1968435880728066, "test_qwk": 0.6027816792251952, "test_lwk": 0.45108183167117777, "test_corr": 0.7363508143244697, "test_rmse": 0.21665388121892676, "test_mae": 0.17316929764519567, "best_qwk": 0.5628393315984452, "_timestamp": 1710947842.7830224, "_runtime": 1450.3258283138275, "_step": 9, "_wandb": {"runtime": 1449}}