{"train_loss": 0.01484100341622252, "dev_loss": 0.0064039635471999645, "test_loss": 0.009738429237834433, "best_qwk": 0.5565353195509714, "best_lwk": 0.3452165817863204, "best_corr": 0.5919952522253328, "best_rmse": 0.09857860077514069, "best_mae": 0.0783054099282489, "_timestamp": 1711028547.2109666, "_runtime": 223.16125869750977, "_step": 49, "_wandb": {"runtime": 222}}