{"train_loss": 0.0020337008761800958, "dev_loss": 0.01598227024078369, "test_loss": 0.02455539268919745, "dev_qwk": 0.8701298701298701, "dev_lwk": 0.7115384615384615, "dev_corr": 0.8950055229112621, "dev_rmse": 0.12754927688209194, "dev_mae": 0.10003202687948942, "test_qwk": 0.5181607607565706, "test_lwk": 0.3443220493432625, "test_corr": 0.6601915989254048, "test_rmse": 0.15682552240976533, "test_mae": 0.12623253887639344, "best_qwk": 0.6095763980625275, "_timestamp": 1710931531.330568, "_runtime": 1448.8284809589386, "_step": 9, "_wandb": {"runtime": 1448}}