{"train_loss": 0.013603053988043831, "dev_loss": 0.013195181653524438, "test_loss": 0.017259131104068515, "dev_qwk": 0.911262633589632, "dev_lwk": 0.74002849002849, "dev_corr": 0.9205042180105959, "dev_rmse": 0.11487028142972891, "dev_mae": 0.08091332167387008, "test_qwk": 0.6605833465163569, "test_lwk": 0.43989263428349856, "test_corr": 0.6711493551514599, "test_rmse": 0.13137742375198455, "test_mae": 0.10242404877326178, "best_test_qwk": 0.6147507686872781, "best_test_lwk": 0.39826453072012036, "best_test_corr": 0.6628324538827798, "best_test_rmse": 0.14785282465913407, "best_test_mae": 0.11669070957212807, "_timestamp": 1711478036.301926, "_runtime": 254.91743278503418, "_step": 49, "_wandb": {"runtime": 254}}