{"train_loss": 0.002126195642631501, "test_loss": 0.01600528696629529, "qwk": 0.6810508235523357, "lwk": 0.4467886760642226, "corr": 0.7124546277245546, "rmse": 0.12645126409960275, "mae": 0.1013390843953238, "_timestamp": 1710518593.4384792, "_runtime": 219.71141529083252, "_step": 29, "_wandb": {"runtime": 219}}