{"train_loss": 0.01491109161725035, "dev_loss": 0.011394540779292583, "test_loss": 0.009442178363149816, "best_qwk": 0.5832159988417063, "best_lwk": 0.3547003170139017, "best_corr": 0.629972751452427, "best_rmse": 0.10026978754372244, "best_mae": 0.0816410081125097, "_timestamp": 1711028786.333866, "_runtime": 223.93665981292725, "_step": 49, "_wandb": {"runtime": 223}}