{"Reward": -0.035218996706298134, "DVRL Loss": -240.28717678405732, "Prob MAX": 0.5784060955047607, "Prob MIN": 0.5720044374465942, "qwk": 0.7061624268806965, "_timestamp": 1710731604.2730434, "_runtime": 4897.582529306412, "_step": 999, "_wandb": {"runtime": 4920}}