{"QWK": 0.3355844018878039, "_timestamp": 1710863135.7261992, "_runtime": 2.532496213912964, "_step": 0, "_wandb": {"runtime": 1}}