{"Reward": 0.17530636392663812, "DVRL Loss": 1198.6160903205323, "Prob MAX": 0.45439258217811584, "Prob MIN": 0.42647093534469604, "qwk": 0.8530579825258141, "_timestamp": 1710563721.0989368, "_runtime": 58.32606482505798, "_step": 4, "_wandb": {"runtime": 56}}