{"train_loss": 0.01505385187435119, "dev_loss": 0.009917279705405235, "test_loss": 0.00875228884714571, "best_qwk": 0.5933153014540937, "best_lwk": 0.372982139917598, "best_corr": 0.6279690443576308, "best_rmse": 0.09311804666349693, "best_mae": 0.07386724532596649, "_timestamp": 1711029263.3673234, "_runtime": 221.9524164199829, "_step": 49, "_wandb": {"runtime": 221}}