Metric,Value
QWK-high,0.7914404239377884
Correlation-high,0.8192026080545161
QWK-low,0.7148617372160351
Correlation-low,0.8167890934728621
