{"train_loss": 0.015422185882925987, "test_loss": 0.08699918763255174, "qwk": 0.36567997385763296, "lwk": 0.26150595091509676, "corr": 0.4664454151235087, "rmse": 0.2949562474048793, "mae": 0.23944341788455, "_timestamp": 1710862829.902927, "_runtime": 233.8665280342102, "_step": 29, "_wandb": {"runtime": 233}}