{"QWK": 0.6306826964935213, "_timestamp": 1710864772.9566715, "_runtime": 2.6108455657958984, "_step": 0, "_wandb": {"runtime": 2}}