{"QWK[DEV]": 0.8830409356725146, "QWK[TEST]": 0.7060295487368344, "QWK[BEST TEST]": 0.7208206572256435, "train_loss": 0.024466684680770744, "_timestamp": 1710952338.3235946, "_runtime": 11.115328550338745, "_step": 99, "_wandb": {"runtime": 10}}