{"train_loss": 0.007188077783212066, "test_loss": 0.013391124084591866, "qwk": 0.5452110489357982, "lwk": 0.32469562789680634, "corr": 0.6066562078983396, "rmse": 0.11573617202537553, "mae": 0.09628077224978028, "_timestamp": 1710512936.3946135, "_runtime": 252.28287053108215, "_step": 29, "_wandb": {"runtime": 251}}