{"train_loss": 0.0018331991162678538, "dev_loss": 0.05266484059393406, "test_loss": 0.04833687005410774, "dev_qwk": 0.7824510514865846, "dev_lwk": 0.6661367249602544, "dev_corr": 0.8655672176958913, "dev_rmse": 0.23371157599200484, "dev_mae": 0.15781732785205047, "test_qwk": 0.5906595316615403, "test_lwk": 0.4384870137643066, "test_corr": 0.7284435110365689, "test_rmse": 0.21989432783429683, "test_mae": 0.1746893313956093, "best_qwk": 0.5897315120113047, "_timestamp": 1710949331.5038307, "_runtime": 1451.4428017139435, "_step": 9, "_wandb": {"runtime": 1450}}