{"train_loss": 0.010923218685809146, "dev_loss": 0.02319662521282832, "test_loss": 0.04299225834581782, "dev_qwk": 0.8984198645598194, "dev_lwk": 0.7761194029850746, "dev_corr": 0.9445379922603928, "dev_rmse": 0.15230438166671176, "dev_mae": 0.1364888203640779, "test_qwk": 0.6013643995324209, "test_lwk": 0.4824693854473616, "test_corr": 0.6921743745730689, "test_rmse": 0.2073537597548737, "test_mae": 0.16274504299837886, "best_test_qwk": 0.5801891403506465, "best_test_lwk": 0.4608340913384359, "best_test_corr": 0.6808790425073836, "best_test_rmse": 0.21314686203767563, "best_test_mae": 0.16629076833871878, "_timestamp": 1711472763.947715, "_runtime": 255.32450699806213, "_step": 49, "_wandb": {"runtime": 254}}