{"train_loss": 0.00209470453750554, "dev_loss": 0.022144964896142483, "test_loss": 0.029873273964669253, "dev_qwk": 0.9009649568308785, "dev_lwk": 0.7364864864864864, "dev_corr": 0.9240760615886393, "dev_rmse": 0.15020041400104783, "dev_mae": 0.12589036896824837, "test_qwk": 0.6372855934494275, "test_lwk": 0.4682420766814473, "test_corr": 0.6944882634152643, "test_rmse": 0.17295928077697761, "test_mae": 0.1389566658369902, "best_qwk": 0.6613559096060262, "_timestamp": 1710962739.1338375, "_runtime": 1451.5598294734955, "_step": 9, "_wandb": {"runtime": 1447}}