{"QWK": 0.43575104354437877, "_timestamp": 1710868199.5194442, "_runtime": 2.5368072986602783, "_step": 0, "_wandb": {"runtime": 2}}