{"train_loss": 0.00898828124627471, "test_loss": 0.08499693448813457, "qwk": 0.40403744318762325, "lwk": 0.27958809614422064, "corr": 0.5116603016383895, "rmse": 0.29214272434192234, "mae": 0.23355221290470307, "_timestamp": 1710514742.340105, "_runtime": 241.78716111183167, "_step": 29, "_wandb": {"runtime": 241}}