{"train_loss": 0.025228105681507212, "dev_loss": 0.024959678295999765, "test_loss": 0.011805574875324965, "dev_qwk": 0.6496874602465312, "dev_lwk": 0.49888802224987594, "dev_corr": 0.7636598192092372, "dev_rmse": 0.1552133082658234, "dev_mae": 0.1203046834318056, "test_qwk": 0.7562013690347598, "test_lwk": 0.526794747282198, "test_corr": 0.8170461317597937, "test_rmse": 0.10787652073551093, "test_mae": 0.08639874181433868, "best_test_qwk": 0.7923095842594859, "best_test_lwk": 0.5827845562426877, "best_test_corr": 0.8213871968101313, "best_test_rmse": 0.09584101935151854, "best_test_mae": 0.07500300829706738, "_timestamp": 1711466142.1780825, "_runtime": 42.21824836730957, "_step": 49, "_wandb": {"runtime": 41}}