{"train_loss": 0.0019211384747327253, "dev_loss": 0.029873179271817207, "test_loss": 0.03768727770662523, "dev_qwk": 0.8832381940840686, "dev_lwk": 0.6951219512195121, "dev_corr": 0.9019702678440806, "dev_rmse": 0.1743014388285058, "dev_mae": 0.14646114259958268, "test_qwk": 0.6004206118943477, "test_lwk": 0.3977165625589059, "test_corr": 0.6969964335239653, "test_rmse": 0.1941533738003464, "test_mae": 0.1609548459082084, "best_qwk": 0.622064809367525, "_timestamp": 1710959756.7937837, "_runtime": 1448.7870457172394, "_step": 9, "_wandb": {"runtime": 1448}}