{"Reward": 0.018003273322422353, "DVRL Loss": 121.49324397759884, "Prob MAX": 0.6008842587471008, "Prob MIN": 0.5929128527641296, "qwk": 0.7872340425531915, "_timestamp": 1710597191.9901059, "_runtime": 4941.108316898346, "_step": 999, "_wandb": {"runtime": 4968}}