{"train_loss": 0.007495947647839785, "test_loss": 0.09937890626068385, "qwk": 0.3306227621193414, "lwk": 0.23360681519782622, "corr": 0.4532089915730179, "rmse": 0.3155829034411608, "mae": 0.2513761834759588, "_timestamp": 1710514489.174028, "_runtime": 239.45132088661194, "_step": 29, "_wandb": {"runtime": 238}}