qwk,lwk,corr,rmse,mae
0.6197220503841833,0.3864736846297181,0.658420844340253,0.13068052033030575,0.10508915900525934
