{"train_loss": 0.02047130838036537, "test_loss": 0.06787667999852379, "qwk": 0.4615749798289668, "lwk": 0.32109425861388985, "corr": 0.6200990246253181, "rmse": 0.26053153423257114, "mae": 0.2193670912628185, "_timestamp": 1710863108.2637556, "_runtime": 236.45959758758545, "_step": 29, "_wandb": {"runtime": 232}}