{"train_loss": 0.002077005200690253, "dev_loss": 0.01311568170785904, "test_loss": 0.024029472238711408, "dev_qwk": 0.8840477863668307, "dev_lwk": 0.7405660377358491, "dev_corr": 0.8910730355111989, "dev_rmse": 0.11556504665553388, "dev_mae": 0.09300061647469798, "test_qwk": 0.5052086871316813, "test_lwk": 0.3232834381950642, "test_corr": 0.6568788359472664, "test_rmse": 0.15522195297194039, "test_mae": 0.12578182322936074, "best_qwk": 0.5177067887305783, "_timestamp": 1710928423.8660614, "_runtime": 1448.7574634552002, "_step": 9, "_wandb": {"runtime": 1447}}