Metric,Value
QWK-high,0.6213510261402313
Correlation-high,0.7098099204709807
QWK-low,0.5947806833177796
Correlation-low,0.7421143576563428
