{"Reward": -0.05648449481913742, "DVRL Loss": -337.79630943905954, "Prob MAX": 0.7269240617752075, "Prob MIN": 0.7120530009269714, "qwk": 0.7054202670856244, "_timestamp": 1710193982.126704, "_runtime": 5526.427370071411, "_step": 999, "_wandb": {"runtime": 5560}}