{"QWK": 0.33302273476801947, "_timestamp": 1710862861.5014896, "_runtime": 3.4635696411132812, "_step": 0, "_wandb": {"runtime": 2}}