{"train_loss": 0.005417157430201769, "test_loss": 0.014843528258747287, "qwk": 0.5503586717013367, "lwk": 0.4279578681695312, "corr": 0.677703263255169, "rmse": 0.12158449311409106, "mae": 0.094495232613142, "_timestamp": 1710861754.534948, "_runtime": 253.33198404312134, "_step": 29, "_wandb": {"runtime": 252}}