{"train_loss": 0.01493792598679041, "dev_loss": 0.010773621499538422, "test_loss": 0.008244885766709393, "best_qwk": 0.5047133808301941, "best_lwk": 0.30031958410896464, "best_corr": 0.6163184167899421, "best_rmse": 0.11369421256550559, "best_mae": 0.09293870535419789, "_timestamp": 1711029024.3237374, "_runtime": 223.78762030601501, "_step": 49, "_wandb": {"runtime": 223}}