{"QWK": 0.6237658313266916, "_timestamp": 1710863818.5038073, "_runtime": 5.670304298400879, "_step": 0, "_wandb": {"runtime": 2}}