{"train_loss": 0.010596263436066133, "dev_loss": 0.035317813977599144, "test_loss": 0.05195710401982069, "dev_qwk": 0.883495145631068, "dev_lwk": 0.767080745341615, "dev_corr": 0.9284828837222858, "dev_rmse": 0.1879303401814082, "dev_mae": 0.1512039249142011, "test_qwk": 0.6016972183078292, "test_lwk": 0.4675433791033139, "test_corr": 0.7097735784587824, "test_rmse": 0.2282974802016911, "test_mae": 0.17801982599784258, "best_test_qwk": 0.5859667166847811, "best_test_lwk": 0.45674300254452926, "best_test_corr": 0.6854982776190993, "best_test_rmse": 0.2329172250617826, "best_test_mae": 0.18203724600828064, "_timestamp": 1711473752.072168, "_runtime": 252.95974707603455, "_step": 49, "_wandb": {"runtime": 252}}