qwk,lwk,corr,rmse,mae
0.7202735096904763,0.48915171217569786,0.7281862617346853,0.11748275424475975,0.09280635559693166
