qwk,lwk,corr,rmse,mae
0.4438964174998501,0.24472443957709666,0.6053966539924361,0.14186524063699016,0.11854056288166014
