qwk,lwk,corr,rmse,mae
0.5460265299926055,0.45091143211270174,0.652741117546019,0.11878714989524543,0.0984636615894364
