qwk,lwk,corr,rmse,mae
0.4908745660304463,0.28315625015698875,0.5568431996794553,0.1208785185204077,0.09615689255105926
