qwk,lwk,corr,rmse,mae
0.6787806621976737,0.5146042411144158,0.7144410034390746,0.2321040207559448,0.1871721814995823
