qwk,lwk,corr,rmse,mae
0.4941474960603456,0.3044773659958635,0.5304157123009011,0.07760421779576411,0.05999032561741178
