qwk,lwk,corr,rmse,mae
0.6373095293205314,0.4796271537900427,0.6806140319618014,0.17873838466733577,0.14236694019844479
