qwk,lwk,corr,rmse,mae
0.40075540431513845,0.2725801123795655,0.45427639906404965,0.2936076620229483,0.25391110094299296
