qwk,lwk,corr,rmse,mae
0.4400470548693387,0.3159548875002345,0.5651397274896122,0.2715542057743369,0.21501522676712898
