qwk,lwk,corr,rmse,mae
0.4138373803252733,0.29981941455301775,0.5489117922995245,0.13035937669735329,0.09996741611161003
