qwk,lwk,corr,rmse,mae
0.6759964453322953,0.5225851828696467,0.7194795741287019,0.23361130523158205,0.18513533294754714
