qwk,lwk,corr,rmse,mae
0.5452110489357982,0.32469562789680634,0.6066562078983396,0.11573617202537553,0.09628077224978028
