qwk,lwk,corr,rmse,mae
0.7228535625755736,0.493534759052909,0.7317367689737042,0.11368779563912844,0.08944766996446764
