qwk,lwk,corr,rmse,mae
0.7079208155075153,0.5317017695399135,0.7551373363444795,0.1864024631188189,0.14850090248802109
