qwk,lwk,corr,rmse,mae
0.4945417196837619,0.37377390230225993,0.5766348879010103,0.12542204674723315,0.09732662110808767
