qwk,lwk,corr,rmse,mae
0.6452178394745676,0.47035073861032023,0.6839712461390234,0.18540055590655388,0.1485556679269807
