qwk,lwk,corr,rmse,mae
0.40403744318762325,0.27958809614422064,0.5116603016383895,0.29214272434192234,0.23355221290470307
