qwk,lwk,corr,rmse,mae
0.681283431019805,0.46415510715441427,0.6875850016658752,0.1281436408083253,0.0997488666483146
