qwk,lwk,corr,rmse,mae
0.5127486807699143,0.2947354451502812,0.5899045936804131,0.12915815072524384,0.10888493229373142
