qwk,lwk,corr,rmse,mae
0.5811232062165586,0.3588848229184469,0.6532669212917521,0.06755708189358843,0.05329130675049163
