qwk,lwk,corr,rmse,mae
0.6089652352792343,0.3772330871071391,0.6498507061263935,0.06699253349491269,0.05328703124418877
