qwk,lwk,corr,rmse,mae
0.7087094173136614,0.5307142782975276,0.7599306981210339,0.1883182797606927,0.1497826609877939
