qwk,lwk,corr,rmse,mae
0.446058595331705,0.29426596264773097,0.5526276226466805,0.20990710311681468,0.1602650418961789
