qwk,lwk,corr,rmse,mae
0.6946770893555816,0.5517286498168493,0.7278173829590597,0.22247702278221917,0.17810902571602452
