qwk,lwk,corr,rmse,mae
0.6117073035215197,0.44003010985638813,0.6590020605982736,0.19431870526908282,0.1551048590881484
