qwk,lwk,corr,rmse,mae
0.5389983026645473,0.371681841600988,0.6348886123405778,0.2135774799092454,0.17348068191132077
