qwk,lwk,corr,rmse,mae
0.5675341687056672,0.34671212374063254,0.6309036956481546,0.06934093411982008,0.05501532089657096
