qwk,lwk,corr,rmse,mae
0.5499819329606563,0.407766311853766,0.67452759745902,0.23426296617909373,0.19123054505352585
