qwk,lwk,corr,rmse,mae
0.425080615769104,0.3134031647315967,0.5057628135864084,0.1332252689525782,0.10119911742378433
