qwk,lwk,corr,rmse,mae
0.3306227621193414,0.23360681519782622,0.4532089915730179,0.3155829034411608,0.2513761834759588
