qwk,lwk,corr,rmse,mae
0.5601948104674154,0.3430345945330302,0.6004696494876556,0.11551272080313785,0.09379871830180829
