qwk,lwk,corr,rmse,mae
0.5967947349781053,0.4151584981218499,0.7162649680557895,0.23027984090403683,0.18643378733575514
