qwk,lwk,corr,rmse,mae
0.6810508235523357,0.4467886760642226,0.7124546277245546,0.12645126409960275,0.1013390843953238
