Metric,Value
QWK-high,0.6113015633794929
Correlation-high,0.6964292822371859
QWK-low,0.5371228803307968
Correlation-low,0.662419554808895
