{"train_loss": 0.0019045656450603753, "dev_loss": 0.05801679752767086, "test_loss": 0.053450121603033564, "dev_qwk": 0.7556142668428005, "dev_lwk": 0.5471014492753622, "dev_corr": 0.9412933777761021, "dev_rmse": 0.24161029952571797, "dev_mae": 0.20526673927282293, "test_qwk": 0.518849176222608, "test_lwk": 0.31917124281613796, "test_corr": 0.7257983168569215, "test_rmse": 0.23115803031839544, "test_mae": 0.19156877110121956, "best_qwk": 0.5332057397998754, "_timestamp": 1710956785.2342002, "_runtime": 1450.832721233368, "_step": 9, "_wandb": {"runtime": 1447}}