qwk,lwk,corr,rmse,mae
0.7808530109417944,0.5386442927966388,0.8017952870463902,0.09268260937892435,0.07424295816494064
