qwk,lwk,corr,rmse,mae
0.6357213213117094,0.39832230246097095,0.6903030953047209,0.1107270825418727,0.08894946501656198
