qwk,lwk,corr,rmse,mae
0.5851753105013866,0.34545712589993033,0.7076391744242657,0.1161236979040037,0.09479291780766899
