qwk,lwk,corr,rmse,mae
0.6289278146795765,0.3966368396926532,0.7091998234071815,0.1087670122289342,0.08660765563970618
