{"QWK": 0.38752445241928957, "_timestamp": 1710867928.6747444, "_runtime": 5.514841318130493, "_step": 0, "_wandb": {"runtime": 1}}