{"train_loss": 0.0020090042855008504, "dev_loss": 0.02639853674918413, "test_loss": 0.02891444463960149, "dev_qwk": 0.848260547742413, "dev_lwk": 0.6173469387755102, "dev_corr": 0.9348308173956462, "dev_rmse": 0.1619776192461401, "dev_mae": 0.1305519006215036, "test_qwk": 0.4459212526189983, "test_lwk": 0.22364785173612822, "test_corr": 0.7095831516671056, "test_rmse": 0.17013247893429073, "test_mae": 0.14244678842421266, "best_qwk": 0.4148559678906748, "_timestamp": 1710925438.3408427, "_runtime": 1450.0154638290405, "_step": 9, "_wandb": {"runtime": 1449}}