{"QWK": 0.481402676719506, "_timestamp": 1710869791.4533637, "_runtime": 2.5792245864868164, "_step": 0, "_wandb": {"runtime": 2}}