{"QWK[DEV]": 0.833167017061143, "QWK[TEST]": 0.4427048542077574, "QWK[BEST TEST]": 0.496667044809983, "train_loss": 0.025439195257301133, "_timestamp": 1710977957.9653845, "_runtime": 10.832022428512573, "_step": 99, "_wandb": {"runtime": 10}}