{"train_loss": 0.023195207118988037, "test_loss": 0.04850797886875543, "qwk": 0.6689430775137282, "lwk": 0.5177719850998087, "corr": 0.7110649380482067, "rmse": 0.22071004166478544, "mae": 0.17868161972197272, "_timestamp": 1710864745.2342677, "_runtime": 242.70112562179565, "_step": 29, "_wandb": {"runtime": 239}}