{"train_loss": 0.009527938906103373, "test_loss": 0.049050097607753494, "qwk": 0.6946770893555816, "lwk": 0.5517286498168493, "corr": 0.7278173829590597, "rmse": 0.22247702278221917, "mae": 0.17810902571602452, "_timestamp": 1710515514.273832, "_runtime": 244.60520219802856, "_step": 29, "_wandb": {"runtime": 244}}