{"QWK": 0.6476669993765947, "_timestamp": 1710858615.5360794, "_runtime": 3.1380064487457275, "_step": 0, "_wandb": {"runtime": 2}}