qwk,lwk,corr,rmse,mae
0.7607717353420572,0.5773702856217688,0.7849252436447216,0.09795383575292815,0.0729934603134635
