qwk,lwk,corr,rmse,mae
0.7792750888105265,0.5801163174344546,0.8048573963959617,0.09478289186329379,0.0700752173690935
