qwk,lwk,corr,rmse,mae
0.7608451559924664,0.560746218909558,0.7978927715258678,0.09294470206727101,0.06802512122818545
