qwk,lwk,corr,rmse,mae
0.5016885330721196,0.292726908833279,0.5831897871348579,0.21604528813287016,0.17762489017276537
