qwk,lwk,corr,rmse,mae
0.7499103352516852,0.5092901648816768,0.8325149538293668,0.09189724069347589,0.0742975534778245
