qwk,lwk,corr,rmse,mae
0.8020392327194731,0.5903569021673435,0.8358826323285802,0.08627255590197551,0.06721543601546405
