qwk,lwk,corr,rmse,mae
0.7764087812787712,0.5481582463053163,0.8387606143587656,0.08694988544474243,0.06926808002301969
