{"train_loss": 0.005097476299852133, "test_loss": 0.013325171071020039, "qwk": 0.5601948104674154, "lwk": 0.3430345945330302, "corr": 0.6004696494876556, "rmse": 0.11551272080313785, "mae": 0.09379871830180829, "_timestamp": 1710512666.4445634, "_runtime": 248.26626229286194, "_step": 29, "_wandb": {"runtime": 247}}