{"train_loss": 0.010467053784973134, "dev_loss": 0.022612177456418674, "test_loss": 0.045550592544981665, "dev_qwk": 0.8848368522072937, "dev_lwk": 0.7718631178707224, "dev_corr": 0.934681259213078, "dev_rmse": 0.15037345736871477, "dev_mae": 0.12850315347313881, "test_qwk": 0.5905827257236255, "test_lwk": 0.4662786975097676, "test_corr": 0.6723391643581194, "test_rmse": 0.21330538884884975, "test_mae": 0.1665405276965104, "best_test_qwk": 0.6262613097728784, "best_test_lwk": 0.5090558568406294, "best_test_corr": 0.6847479415434299, "best_test_rmse": 0.20667484362348873, "best_test_mae": 0.16073406065972345, "_timestamp": 1711472104.3990598, "_runtime": 254.8428816795349, "_step": 49, "_wandb": {"runtime": 254}}