{"train_loss": 0.0006457596027757972, "test_loss": 0.004550232107497074, "qwk": 0.5811232062165586, "lwk": 0.3588848229184469, "corr": 0.6532669212917521, "rmse": 0.06755708189358843, "mae": 0.05329130675049163, "_timestamp": 1710520527.022757, "_runtime": 114.23415207862854, "_step": 29, "_wandb": {"runtime": 113}}