{"QWK[DEV]": 0.8648648648648649, "QWK[TEST]": 0.5144910957438171, "QWK[BEST TEST]": 0.5132943397105771, "train_loss": 0.023092435545880686, "_timestamp": 1710964250.097741, "_runtime": 10.92893385887146, "_step": 99, "_wandb": {"runtime": 10}}