{"train_loss": 0.01384712669466223, "dev_loss": 0.02625264786183834, "test_loss": 0.035901678659554036, "best_qwk": 0.5574446805850731, "best_lwk": 0.3914678214562639, "best_corr": 0.6426349896682347, "best_rmse": 0.1846407209181518, "best_mae": 0.14561861982453342, "_timestamp": 1711026186.8094895, "_runtime": 218.49516654014587, "_step": 49, "_wandb": {"runtime": 217}}