{"train_loss": 0.013565598659749541, "dev_loss": 0.021033771336078644, "test_loss": 0.030408486058669432, "best_qwk": 0.7348805997611634, "best_lwk": 0.5768597266679965, "best_corr": 0.7764206641472744, "best_rmse": 0.15646916916695916, "best_mae": 0.1250189987958317, "_timestamp": 1711024787.7863286, "_runtime": 216.01536965370178, "_step": 49, "_wandb": {"runtime": 215}}