{"train_loss": 0.013949931861744817, "dev_loss": 0.007436659963180621, "test_loss": 0.018399686762736504, "dev_qwk": 0.9488769555603584, "dev_lwk": 0.7934782608695652, "dev_corr": 0.9557541643888852, "dev_rmse": 0.08623606980253347, "dev_mae": 0.06273962755997976, "test_qwk": 0.6556749073428996, "test_lwk": 0.43625970889027355, "test_corr": 0.6747583567057828, "test_rmse": 0.1356585267235551, "test_mae": 0.10575219411753926, "best_test_qwk": 0.6556749073428996, "best_test_lwk": 0.43625970889027355, "best_test_corr": 0.6747583567057828, "best_test_rmse": 0.1356585267235551, "best_test_mae": 0.10575219411753926, "_timestamp": 1711478363.0934105, "_runtime": 250.87972044944763, "_step": 49, "_wandb": {"runtime": 250}}