Metric,Value
QWK-high,0.40712067734670954
Correlation-high,0.5821423860420539
QWK-low,0.5303367876742564
Correlation-low,0.5679186721490346
