{"Reward": -0.01580545334158523, "DVRL Loss": -109.51028296652989, "Prob MAX": 0.5116939544677734, "Prob MIN": 0.5037334561347961, "qwk": 0.8777407875100448, "_timestamp": 1710587413.9701507, "_runtime": 4752.506265640259, "_step": 999, "_wandb": {"runtime": 4774}}