{"train_loss": 0.0023883164214227627, "dev_loss": 0.031345294788479805, "test_loss": 0.028112709205405612, "dev_qwk": 0.7591224982308432, "dev_lwk": 0.4819985304922851, "dev_corr": 0.8536073182436742, "dev_rmse": 0.17889204532011033, "dev_mae": 0.15483479741960765, "test_qwk": 0.49829075081867735, "test_lwk": 0.25526436972380295, "test_corr": 0.6990939844109905, "test_rmse": 0.1669203373359662, "test_mae": 0.1414524014516358, "best_qwk": 0.5113123747554851, "_timestamp": 1710968711.5948195, "_runtime": 1463.493905544281, "_step": 9, "_wandb": {"runtime": 1462}}