Metric,Value
QWK-high,0.6341907340553551
Correlation-high,0.6886710924610433
QWK-low,0.6341907340553551
Correlation-low,0.6886710924610433
