{"train_loss": 0.0019334044991410337, "dev_loss": 0.020262528210878372, "test_loss": 0.02886932712386955, "dev_qwk": 0.8933333333333333, "dev_lwk": 0.7060624617268831, "dev_corr": 0.9538799198896406, "dev_rmse": 0.14221756255986076, "dev_mae": 0.10987435504794121, "test_qwk": 0.48666824153103766, "test_lwk": 0.2520715014742084, "test_corr": 0.6949456140052965, "test_rmse": 0.16986452764865154, "test_mae": 0.14247338124856362, "best_qwk": 0.5533437101404561, "_timestamp": 1710923949.5246725, "_runtime": 1450.3409614562988, "_step": 9, "_wandb": {"runtime": 1449}}