{"train_loss": 0.010960039682686329, "test_loss": 0.054552246609495744, "qwk": 0.6759964453322953, "lwk": 0.5225851828696467, "corr": 0.7194795741287019, "rmse": 0.23361130523158205, "mae": 0.18513533294754714, "_timestamp": 1710515774.3337753, "_runtime": 248.33525919914246, "_step": 29, "_wandb": {"runtime": 246}}