{"train_loss": 0.024556896600284074, "dev_loss": 0.023779585491865873, "test_loss": 0.01306426664814353, "dev_qwk": 0.6583667694229494, "dev_lwk": 0.5005109242000966, "dev_corr": 0.7754309859930059, "dev_rmse": 0.15197476987208472, "dev_mae": 0.117592887673527, "test_qwk": 0.7226594511927928, "test_lwk": 0.4812870570849671, "test_corr": 0.8242326081889135, "test_rmse": 0.11350063257241744, "test_mae": 0.09177594807832615, "best_test_qwk": 0.7226594511927928, "best_test_lwk": 0.4812870570849671, "best_test_corr": 0.8242326081889135, "best_test_rmse": 0.11350063257241744, "best_test_mae": 0.09177594807832615, "_timestamp": 1711297948.683589, "_runtime": 48.764015913009644, "_step": 49, "_wandb": {"runtime": 48}}