{"train_loss": 0.014131082519888878, "dev_loss": 0.024157961830496788, "test_loss": 0.02591612156746643, "best_qwk": 0.7271971860775246, "best_lwk": 0.583046587178375, "best_corr": 0.7985900286679134, "best_rmse": 0.14396960779223378, "best_mae": 0.11370106310911582, "_timestamp": 1711025019.4285138, "_runtime": 217.01584768295288, "_step": 49, "_wandb": {"runtime": 216}}