{"train_loss": 0.0020246722269803286, "test_loss": 0.007092050700025125, "qwk": 0.38927347920672994, "lwk": 0.22770629395658482, "corr": 0.4370039510208249, "rmse": 0.08415281722657297, "mae": 0.06609907819423153, "_timestamp": 1710871036.8519578, "_runtime": 115.44139289855957, "_step": 29, "_wandb": {"runtime": 107}}