qwk,lwk,corr,rmse,mae
0.3811879707014077,0.21937436632644025,0.4201119042291129,0.08778314400649727,0.0692030338927953
