Metric,Value
QWK-high,0.41864167356359416
Correlation-high,0.5442970311360134
QWK-low,0.3924782421867483
Correlation-low,0.5932000312542606
