{"QWK[DEV]": 0.8996832101372756, "QWK[TEST]": 0.47100960602331654, "QWK[BEST TEST]": 0.5808438494706996, "train_loss": 0.025557855059477417, "_timestamp": 1710923979.8378544, "_runtime": 12.156334400177002, "_step": 99, "_wandb": {"runtime": 11}}