{"train_loss": 0.0022071489654768776, "dev_loss": 0.030205758288502693, "test_loss": 0.024030850124881438, "dev_qwk": 0.742963192081658, "dev_lwk": 0.5001311991603254, "dev_corr": 0.8189842923441657, "dev_rmse": 0.17618893486767287, "dev_mae": 0.14193573233981926, "test_qwk": 0.5441621163981187, "test_lwk": 0.29498526917484513, "test_corr": 0.7214817327542133, "test_rmse": 0.15447841502559068, "test_mae": 0.13054385210028557, "best_qwk": 0.5329902574125632, "_timestamp": 1710970217.8937802, "_runtime": 1467.594481229782, "_step": 9, "_wandb": {"runtime": 1463}}