Metric,Value
QWK-high,0.6324475736240442
Correlation-high,0.6982794459708336
QWK-low,0.5643520848085501
Correlation-low,0.6920381405463625
