{"train_loss": 0.013303886235605357, "dev_loss": 0.010526259584973255, "test_loss": 0.011372519185070732, "dev_qwk": 0.9406005939940602, "dev_lwk": 0.7634930260764098, "dev_corr": 0.9806581415725575, "dev_rmse": 0.10259756012664728, "dev_mae": 0.08591264262795448, "test_qwk": 0.6748665290222702, "test_lwk": 0.4529949400325418, "test_corr": 0.7820957753279082, "test_rmse": 0.10666811470571168, "test_mae": 0.0836325342051315, "best_test_qwk": 0.7084245211014638, "best_test_lwk": 0.494505958595222, "best_test_corr": 0.7696005445825276, "best_test_rmse": 0.09781844011574194, "best_test_mae": 0.0764259834520421, "_timestamp": 1711469487.8144252, "_runtime": 251.2425673007965, "_step": 49, "_wandb": {"runtime": 250}}