{"train_loss": 0.015709440990218093, "dev_loss": 0.017562871798872948, "test_loss": 0.017928730064470853, "best_qwk": 0.5963230072694284, "best_lwk": 0.45065572535271997, "best_corr": 0.684762280323001, "best_rmse": 0.12978566585037418, "best_mae": 0.10310970390493648, "_timestamp": 1711021509.9415965, "_runtime": 215.00171852111816, "_step": 49, "_wandb": {"runtime": 214}}