{"QWK[DEV]": 0.7001578116780642, "QWK[TEST]": 0.22039481843294428, "QWK[BEST TEST]": 0.314299319557399, "train_loss": 0.023860437245192854, "_timestamp": 1710931571.6911926, "_runtime": 13.717243671417236, "_step": 99, "_wandb": {"runtime": 12}}