{"QWK[DEV]": 0.8724252491694352, "QWK[TEST]": 0.3975089726735713, "QWK[BEST TEST]": 0.42732236992333983, "train_loss": 0.02507026226852428, "_timestamp": 1710920745.7242615, "_runtime": 14.355931520462036, "_step": 99, "_wandb": {"runtime": 10}}