{"Reward": -0.015030055366397121, "DVRL Loss": -99.82391808390506, "Prob MAX": 0.6249503493309021, "Prob MIN": 0.6214015483856201, "qwk": 0.8909751665657177, "_timestamp": 1710612728.7641423, "_runtime": 4817.768189191818, "_step": 999, "_wandb": {"runtime": 4848}}