{"QWK": 0.5175870080706171, "_timestamp": 1710861901.1486378, "_runtime": 2.562741756439209, "_step": 0, "_wandb": {"runtime": 2}}