{"train_loss": 0.011628403008216992, "dev_loss": 0.06096519157290459, "test_loss": 0.049248617211425746, "best_qwk": 0.6134044500437061, "best_lwk": 0.49167265277888644, "best_corr": 0.7063394922529762, "best_rmse": 0.20449356837006544, "best_mae": 0.1608299012471623, "_timestamp": 1711022671.7625048, "_runtime": 218.58745288848877, "_step": 49, "_wandb": {"runtime": 218}}