{"Reward": -0.10907765121843171, "DVRL Loss": -529.0717733743514, "Prob MAX": 0.20227079093456268, "Prob MIN": 0.1862240433692932, "qwk": 0.6587926509186353, "_timestamp": 1710602069.9152243, "_runtime": 4836.414835214615, "_step": 999, "_wandb": {"runtime": 4863}}