{"train_loss": 0.014360973563577448, "dev_loss": 0.0223454050719738, "test_loss": 0.043082693458667824, "best_qwk": 0.5710605908141568, "best_lwk": 0.4155163696756602, "best_corr": 0.6517378777435842, "best_rmse": 0.18182442270246432, "best_mae": 0.14223646719408575, "_timestamp": 1711026420.3776433, "_runtime": 217.85097527503967, "_step": 49, "_wandb": {"runtime": 217}}