Metric,Value
QWK-high,0.5845202976023436
Correlation-high,0.7533019418915012
QWK-low,0.5772151830615282
Correlation-low,0.7549483191450252
