{"train_loss": 0.023612774908542633, "test_loss": 0.04436013588149633, "qwk": 0.446058595331705, "lwk": 0.29426596264773097, "corr": 0.5526276226466805, "rmse": 0.20990710311681468, "mae": 0.1602650418961789, "_timestamp": 1710869155.8638465, "_runtime": 245.97427654266357, "_step": 29, "_wandb": {"runtime": 242}}