{"Reward": -0.03702639804473362, "DVRL Loss": -199.72205434851782, "Prob MAX": 0.7740904688835144, "Prob MIN": 0.7664873600006104, "qwk": 0.6848739495798319, "_timestamp": 1710182022.8523161, "_runtime": 5353.771292209625, "_step": 999, "_wandb": {"runtime": 5388}}