{"train_loss": 0.013174463734030724, "dev_loss": 0.03166132792830467, "test_loss": 0.03578806196206382, "best_qwk": 0.5927932131253877, "best_lwk": 0.4397710585027431, "best_corr": 0.6458985136488445, "best_rmse": 0.1894125609796351, "best_mae": 0.1466533224882379, "_timestamp": 1711026890.8310819, "_runtime": 220.04563879966736, "_step": 49, "_wandb": {"runtime": 218}}