{"train_loss": 0.015136849079281091, "dev_loss": 0.028746282681822777, "test_loss": 0.010307536892859, "best_qwk": 0.6537823361287007, "best_lwk": 0.40420971179507326, "best_corr": 0.8206651264933849, "best_rmse": 0.12209205952908818, "best_mae": 0.10063764368780531, "_timestamp": 1711021045.877209, "_runtime": 215.6786048412323, "_step": 49, "_wandb": {"runtime": 215}}