{"train_loss": 0.005749877775087953, "test_loss": 0.0176898284222592, "qwk": 0.425080615769104, "lwk": 0.3134031647315967, "corr": 0.5057628135864084, "rmse": 0.1332252689525782, "mae": 0.10119911742378433, "_timestamp": 1710513992.1219325, "_runtime": 255.52312660217285, "_step": 29, "_wandb": {"runtime": 255}}