{"train_loss": 0.02005215361714363, "test_loss": 0.0862054594985719, "qwk": 0.40075540431513845, "lwk": 0.2725801123795655, "corr": 0.45427639906404965, "rmse": 0.2936076620229483, "mae": 0.25391110094299296, "_timestamp": 1710863798.1339757, "_runtime": 243.43412280082703, "_step": 29, "_wandb": {"runtime": 242}}