{"train_loss": 0.012441493589325215, "dev_loss": 0.0615563727915287, "test_loss": 0.04540030305672969, "best_qwk": 0.6337223402015822, "best_lwk": 0.5085931460673314, "best_corr": 0.7528376197614349, "best_rmse": 0.21338014699728267, "best_mae": 0.16580005800169728, "_timestamp": 1711024552.9934356, "_runtime": 218.15296864509583, "_step": 49, "_wandb": {"runtime": 217}}