{"train_loss": 0.01401664118145831, "dev_loss": 0.009597975915918747, "test_loss": 0.0145596007916466, "dev_qwk": 0.911045218680504, "dev_lwk": 0.8058252427184466, "dev_corr": 0.9309865336825897, "dev_rmse": 0.09796926201406726, "dev_mae": 0.08109784002105395, "test_qwk": 0.5916181568826073, "test_lwk": 0.465401670275699, "test_corr": 0.6815343087530712, "test_rmse": 0.12070336209966571, "test_mae": 0.09548839040488274, "best_test_qwk": 0.5638805547739932, "best_test_lwk": 0.44090827269587096, "best_test_corr": 0.6770586625003339, "best_test_rmse": 0.12936905993455866, "best_test_mae": 0.10166975848241899, "_timestamp": 1711470791.2248757, "_runtime": 248.70828771591187, "_step": 49, "_wandb": {"runtime": 248}}