{"QWK": 0.6453533451991869, "_timestamp": 1710865876.0035257, "_runtime": 5.58727765083313, "_step": 0, "_wandb": {"runtime": 1}}