{"train_loss": 0.005903550423681736, "test_loss": 0.016950696368109096, "qwk": 0.4138373803252733, "lwk": 0.29981941455301775, "corr": 0.5489117922995245, "rmse": 0.13035937669735329, "mae": 0.09996741611161003, "_timestamp": 1710513718.834552, "_runtime": 252.02628302574158, "_step": 29, "_wandb": {"runtime": 251}}