{"train_loss": 0.01513871458468324, "dev_loss": 0.01891896314918995, "test_loss": 0.029368496052920818, "best_qwk": 0.7294775853946133, "best_lwk": 0.5079282691643628, "best_corr": 0.7375667204527557, "best_rmse": 0.11301904931794429, "best_mae": 0.0873539166511693, "_timestamp": 1711028071.0299878, "_runtime": 219.35469770431519, "_step": 49, "_wandb": {"runtime": 218}}