{"train_loss": 0.008376605343073606, "test_loss": 0.020252647318623283, "qwk": 0.4438964174998501, "lwk": 0.24472443957709666, "corr": 0.6053966539924361, "rmse": 0.14186524063699016, "mae": 0.11854056288166014, "_timestamp": 1710512407.1237342, "_runtime": 246.39797830581665, "_step": 29, "_wandb": {"runtime": 245}}