{"QWK[DEV]": 0.725609756097561, "QWK[TEST]": 0.2503277711356522, "QWK[BEST TEST]": 0.3082613133659019, "train_loss": 0.02424489782953804, "_timestamp": 1710928582.5943515, "_runtime": 11.225337505340576, "_step": 99, "_wandb": {"runtime": 10}}