{"train_loss": 0.015156808192191343, "dev_loss": 0.016019225120544434, "test_loss": 0.02110458891838789, "best_qwk": 0.7171210208928669, "best_lwk": 0.47974818099838623, "best_corr": 0.7310401274413937, "best_rmse": 0.12386808728613304, "best_mae": 0.09931249151162469, "_timestamp": 1711027361.1562617, "_runtime": 219.99517273902893, "_step": 49, "_wandb": {"runtime": 219}}