{"QWK": 0.4999870928148754, "_timestamp": 1710871089.8496857, "_runtime": 5.591955661773682, "_step": 0, "_wandb": {"runtime": 2}}