{"Reward": -0.017152221876631235, "DVRL Loss": -90.22948093483541, "Prob MAX": 0.7875181436538696, "Prob MIN": 0.7825087308883667, "qwk": 0.8798798798798799, "_timestamp": 1710721803.8169467, "_runtime": 4880.42857170105, "_step": 999, "_wandb": {"runtime": 4899}}