{"train_loss": 0.013851409209846687, "dev_loss": 0.004883085067073504, "test_loss": 0.007859698618163487, "dev_qwk": 0.90556011228816, "dev_lwk": 0.6821782178217821, "dev_corr": 0.909310815052411, "dev_rmse": 0.06987907305429825, "dev_mae": 0.05886291017134984, "test_qwk": 0.6103057970075887, "test_lwk": 0.3797205339665728, "test_corr": 0.6367181674067901, "test_rmse": 0.08857497839689915, "test_mae": 0.07078192493788264, "best_test_qwk": 0.6080020894160914, "best_test_lwk": 0.3818837055618213, "best_test_corr": 0.6361211033118563, "best_test_rmse": 0.09040626639778303, "best_test_mae": 0.07219919059183691, "_timestamp": 1711479715.9644542, "_runtime": 257.4389102458954, "_step": 49, "_wandb": {"runtime": 256}}