{"train_loss": 0.013760355580598117, "dev_loss": 0.026250658556818962, "test_loss": 0.036557666425194056, "best_qwk": 0.5769672991637327, "best_lwk": 0.41867488527521113, "best_corr": 0.7059405180423901, "best_rmse": 0.16945173394509264, "best_mae": 0.13225714102134867, "_timestamp": 1711026655.2709608, "_runtime": 218.67494869232178, "_step": 49, "_wandb": {"runtime": 218}}