{"QWK[DEV]": 0.8522194056415512, "QWK[TEST]": 0.6947008632589227, "QWK[BEST TEST]": 0.6510543612007026, "train_loss": 0.02551882171796428, "_timestamp": 1710971751.7400043, "_runtime": 11.04627537727356, "_step": 99, "_wandb": {"runtime": 10}}