{"train_loss": 0.013563883307791263, "dev_loss": 0.011518390228350958, "test_loss": 0.018948912000670642, "dev_qwk": 0.9207860791273483, "dev_lwk": 0.7175348495964784, "dev_corr": 0.9267981558645245, "dev_rmse": 0.10732376175576462, "dev_mae": 0.08758760827283064, "test_qwk": 0.6520278684275995, "test_lwk": 0.42994685766000307, "test_corr": 0.6794429113542031, "test_rmse": 0.13767845787161845, "test_mae": 0.10823884413561277, "best_test_qwk": 0.6476324122182255, "best_test_lwk": 0.4354687458788641, "best_test_corr": 0.6707479089273817, "best_test_rmse": 0.1429252063473107, "best_test_mae": 0.11100511074361474, "_timestamp": 1711479055.2668471, "_runtime": 251.3198320865631, "_step": 49, "_wandb": {"runtime": 250}}