qwk,lwk,corr,rmse,mae
0.5949612330994439,0.46773042494667294,0.7120762736918967,0.21288541600214872,0.16734856163148323
