qwk,lwk,corr,rmse,mae
0.7203554786710188,0.48843185669929323,0.8000232432203298,0.10901075827835677,0.08645783583317589
