qwk,lwk,corr,rmse,mae
0.6103417464831336,0.48192082509972156,0.7481152253667063,0.21954205296004556,0.17107006218746876
