qwk,lwk,corr,rmse,mae
0.7301351377436331,0.568379773408243,0.7880407945922817,0.15466643161838436,0.12435867092533455
