qwk,lwk,corr,rmse,mae
0.7455341966022428,0.5130475232638407,0.7538302832926297,0.11593807578652428,0.09125507177062062
