qwk,lwk,corr,rmse,mae
0.6116961816791198,0.4479946798600336,0.6752145690801249,0.1799152971535659,0.14076825134042237
