qwk,lwk,corr,rmse,mae
0.5704238501275907,0.42613968828129156,0.6795425028477735,0.1326528573414705,0.10443862457578386
