qwk,lwk,corr,rmse,mae
0.576422036931548,0.34349562078815765,0.6870108384832443,0.11413476212451422,0.09390762174195438
