{"QWK[DEV]": 0.894829097283085, "QWK[TEST]": 0.7161157860647138, "QWK[BEST TEST]": 0.7026678508329725, "train_loss": 0.024332919412038544, "_timestamp": 1710950852.0335126, "_runtime": 14.175740480422974, "_step": 99, "_wandb": {"runtime": 10}}