Metric,Value
QWK-high,0.413571496516821
Correlation-high,0.5875576636068611
QWK-low,0.5512113398326379
Correlation-low,0.5520833285348219
