{"Reward": -0.005293405928614603, "DVRL Loss": -33.64842908135752, "Prob MAX": 0.6662699580192566, "Prob MIN": 0.6598589420318604, "qwk": 0.8017241379310345, "_timestamp": 1710701562.757613, "_runtime": 4991.323611974716, "_step": 999, "_wandb": {"runtime": 5011}}