{"QWK[DEV]": 0.7750511247443762, "QWK[TEST]": 0.5384613521802778, "QWK[BEST TEST]": 0.5578937129777031, "train_loss": 0.02114624585109678, "_timestamp": 1710941252.0573628, "_runtime": 14.12320876121521, "_step": 99, "_wandb": {"runtime": 10}}