{"train_loss": 0.014601065583284488, "dev_loss": 0.006825597491115332, "test_loss": 0.016376725862153454, "dev_qwk": 0.952203653996017, "dev_lwk": 0.7727827999022722, "dev_corr": 0.955462334067628, "dev_rmse": 0.08261717217818876, "dev_mae": 0.06848131989439328, "test_qwk": 0.6787782112047106, "test_lwk": 0.44859421709695557, "test_corr": 0.6878821356241224, "test_rmse": 0.12793051290556834, "test_mae": 0.10110621183839535, "best_test_qwk": 0.6842387509052286, "best_test_lwk": 0.45737792644196784, "best_test_corr": 0.7017988652848902, "best_test_rmse": 0.13249261257285092, "best_test_mae": 0.10442819936737137, "_timestamp": 1711478727.981911, "_runtime": 253.07346105575562, "_step": 49, "_wandb": {"runtime": 252}}