{"QWK[DEV]": 0.8724252491694352, "QWK[TEST]": 0.3975089726735713, "QWK[BEST TEST]": 0.42732236992333983, "train_loss": 0.02507026226852428, "_timestamp": 1710917830.9251525, "_runtime": 11.348299503326416, "_step": 99, "_wandb": {"runtime": 10}}