{"QWK[DEV]": 0.7882851093860268, "QWK[TEST]": 0.5758981726718402, "QWK[BEST TEST]": 0.5835921524940508, "train_loss": 0.021377566270530224, "_timestamp": 1710944756.7698169, "_runtime": 11.3036208152771, "_step": 99, "_wandb": {"runtime": 10}}