{"train_loss": 0.01502359035291842, "dev_loss": 0.024578584358096123, "test_loss": 0.011439741821959615, "best_qwk": 0.7425319036417195, "best_lwk": 0.5269864762629314, "best_corr": 0.8226573612102853, "best_rmse": 0.097198415823521, "best_mae": 0.07647735867341178, "_timestamp": 1711020353.2677805, "_runtime": 213.22011351585388, "_step": 49, "_wandb": {"runtime": 212}}