qwk,lwk,corr,rmse,mae
0.4859611173856593,0.2774444312728307,0.6753371189505167,0.14076078378258539,0.11739370216554956
