qwk,lwk,corr,rmse,mae
0.6157330514872414,0.45738356355634646,0.696771922843454,0.17424435421758697,0.1351764127612114
