qwk,lwk,corr,rmse,mae
0.5905687131528099,0.46363398614553014,0.6963028271200802,0.2163280353196476,0.17122505808536176
