qwk,lwk,corr,rmse,mae
0.7221466004961532,0.48993610881101,0.7333659884047878,0.12075018288840486,0.09508987424041604
