qwk,lwk,corr,rmse,mae
0.7525952343700899,0.5918933098394061,0.7956324137598157,0.15427658250036697,0.1232240794231687
