qwk,lwk,corr,rmse,mae
0.6007739643468883,0.4596117235832573,0.6914219255420297,0.12395303873138531,0.09829223553367265
