qwk,lwk,corr,rmse,mae
0.765320201515908,0.545852556708958,0.8283187230342548,0.09677871917427622,0.07580498517378621
