qwk,lwk,corr,rmse,mae
0.6331797474343845,0.5040060907604205,0.7580344584796783,0.21875133359163915,0.16970072390667204
