{"train_loss": 0.012289684123837744, "dev_loss": 0.01256994716823101, "test_loss": 0.029836636188366773, "dev_qwk": 0.9483648881239243, "dev_lwk": 0.849246231155779, "dev_corr": 0.9767537237581458, "dev_rmse": 0.1121157736809877, "dev_mae": 0.09994388222694398, "test_qwk": 0.6979370550054014, "test_lwk": 0.5287112101783658, "test_corr": 0.7392766697563317, "test_rmse": 0.17271981293101485, "test_mae": 0.13840200070763978, "best_test_qwk": 0.6979370550054014, "best_test_lwk": 0.5287112101783658, "best_test_corr": 0.7392766697563317, "best_test_rmse": 0.17271981293101485, "best_test_mae": 0.13840200070763978, "_timestamp": 1711474735.2206016, "_runtime": 250.28575253486633, "_step": 49, "_wandb": {"runtime": 249}}