{"train_loss": 0.013113082861768731, "dev_loss": 0.020003541372716427, "test_loss": 0.03878169702993852, "dev_qwk": 0.8986029743127535, "dev_lwk": 0.7151898734177216, "dev_corr": 0.9574727503496337, "dev_rmse": 0.14143387625305182, "dev_mae": 0.12420026908318202, "test_qwk": 0.6547245178188925, "test_lwk": 0.47043738682389835, "test_corr": 0.7513994263229448, "test_rmse": 0.19709297073235535, "test_mae": 0.15891228905446092, "best_test_qwk": 0.7308930018089699, "best_test_lwk": 0.575295805167986, "best_test_corr": 0.7740014158235025, "best_test_rmse": 0.1553283251086523, "best_test_mae": 0.12362481564703122, "_timestamp": 1711475722.1049201, "_runtime": 255.6758451461792, "_step": 49, "_wandb": {"runtime": 255}}