Metric,Value
QWK-high,0.5747567785985889
Correlation-high,0.7094376943962791
QWK-low,0.5087947060467548
Correlation-low,0.71160100194236
