{"train_loss": 0.0018375011327348713, "dev_loss": 0.030137518420815468, "test_loss": 0.03475735416249917, "dev_qwk": 0.8447383553766532, "dev_lwk": 0.6595744680851063, "dev_corr": 0.9149785453434611, "dev_rmse": 0.17618164185161456, "dev_mae": 0.14539261398216088, "test_qwk": 0.5696431373779856, "test_lwk": 0.38987063147621326, "test_corr": 0.6489410074872112, "test_rmse": 0.18650222393207294, "test_mae": 0.1506349936464412, "best_qwk": 0.5732567501799823, "_timestamp": 1710961246.681274, "_runtime": 1449.16535282135, "_step": 9, "_wandb": {"runtime": 1448}}