{"train_loss": 0.01245342773413593, "dev_loss": 0.013959902028242746, "test_loss": 0.03049300494080598, "dev_qwk": 0.9310488926034267, "dev_lwk": 0.7972972972972973, "dev_corr": 0.9771807856584913, "dev_rmse": 0.1181520299973482, "dev_mae": 0.10749163726965587, "test_qwk": 0.6919395717265737, "test_lwk": 0.5079588828066873, "test_corr": 0.7519178577610117, "test_rmse": 0.17456577393658831, "test_mae": 0.1416170449932696, "best_test_qwk": 0.718564912460459, "best_test_lwk": 0.5573428266639905, "best_test_corr": 0.7580552548573684, "best_test_rmse": 0.16244129502410554, "best_test_mae": 0.1293012159265263, "_timestamp": 1711476055.1790695, "_runtime": 255.75997257232666, "_step": 49, "_wandb": {"runtime": 255}}