{"train_loss": 0.0021956233045860745, "dev_loss": 0.017480711452662945, "test_loss": 0.025570685297928074, "dev_qwk": 0.7912315770630706, "dev_lwk": 0.5143800094295145, "dev_corr": 0.909376061033983, "dev_rmse": 0.13155379176864945, "dev_mae": 0.11459205970168114, "test_qwk": 0.2499543933401086, "test_lwk": 0.10090942365627731, "test_corr": 0.548557732894886, "test_rmse": 0.1601660306913522, "test_mae": 0.13970686871596058, "best_qwk": 0.38952576235593106, "_timestamp": 1710976365.568141, "_runtime": 1533.6072850227356, "_step": 9, "_wandb": {"runtime": 1530}}