{"train_loss": 0.0017785353097581728, "dev_loss": 0.06458262447267771, "test_loss": 0.047325011915228234, "dev_qwk": 0.7032967032967032, "dev_lwk": 0.5490506329113924, "dev_corr": 0.832246189043767, "dev_rmse": 0.2593977980920336, "dev_mae": 0.188484642157952, "test_qwk": 0.6010252748257134, "test_lwk": 0.4528843369667759, "test_corr": 0.7314571132897619, "test_rmse": 0.21758989986054508, "test_mae": 0.17303215584960413, "best_qwk": 0.5733105538875798, "_timestamp": 1710950822.4321918, "_runtime": 1451.6551797389984, "_step": 9, "_wandb": {"runtime": 1451}}