{"train_loss": 0.014423789350049836, "dev_loss": 0.01370705384761095, "test_loss": 0.022228077852300236, "best_qwk": 0.5642513353444951, "best_lwk": 0.42535695413878816, "best_corr": 0.6762162162552571, "best_rmse": 0.13176058035647029, "best_mae": 0.10457206901786555, "_timestamp": 1711021279.5963502, "_runtime": 215.25907731056213, "_step": 49, "_wandb": {"runtime": 214}}