{"train_loss": 0.002500926610082388, "test_loss": 0.0060424439884214235, "qwk": 0.4941474960603456, "lwk": 0.3044773659958635, "corr": 0.5304157123009011, "rmse": 0.07760421779576411, "mae": 0.05999032561741178, "_timestamp": 1710871632.9602098, "_runtime": 107.6240348815918, "_step": 29, "_wandb": {"runtime": 107}}