{"train_loss": 0.0122545085517707, "dev_loss": 0.038702319065729775, "test_loss": 0.05050589326902159, "dev_qwk": 0.8089887640449438, "dev_lwk": 0.63884430176565, "dev_corr": 0.9371994103666117, "dev_rmse": 0.19672904910430158, "dev_mae": 0.1593028446038564, "test_qwk": 0.6220315309255025, "test_lwk": 0.5014217706873203, "test_corr": 0.7297410941295346, "test_rmse": 0.22524779493839717, "test_mae": 0.1730006971705521, "best_test_qwk": 0.6074509828627201, "best_test_lwk": 0.47773098477245823, "best_test_corr": 0.7185487208176692, "best_test_rmse": 0.22037548157722825, "best_test_mae": 0.1726101203623787, "_timestamp": 1711474407.9378836, "_runtime": 251.70993161201477, "_step": 49, "_wandb": {"runtime": 251}}