{"Reward": 0.04522761605989711, "DVRL Loss": 250.41353945990036, "Prob MAX": 0.24817414581775665, "Prob MIN": 0.24712947010993958, "qwk": 0.879699502554905, "_timestamp": 1710211483.5686011, "_runtime": 5596.626340150833, "_step": 999, "_wandb": {"runtime": 5633}}