{"QWK[DEV]": 0.8140900195694716, "QWK[TEST]": 0.600076897144497, "QWK[BEST TEST]": 0.5975030857217591, "train_loss": 0.02117345422844995, "_timestamp": 1710947870.7929966, "_runtime": 11.182258605957031, "_step": 99, "_wandb": {"runtime": 10}}