{"QWK": 0.34060725746729215, "_timestamp": 1710862582.5368016, "_runtime": 5.602174520492554, "_step": 0, "_wandb": {"runtime": 2}}