{"train_loss": 0.0005287512904033065, "test_loss": 0.004651154275052249, "qwk": 0.5675341687056672, "lwk": 0.34671212374063254, "corr": 0.6309036956481546, "rmse": 0.06934093411982008, "mae": 0.05501532089657096, "_timestamp": 1710520674.5040998, "_runtime": 135.6274127960205, "_step": 29, "_wandb": {"runtime": 135}}