{"Reward": 0.031624311447794096, "DVRL Loss": 203.29586699929496, "Prob MAX": 0.34303879737854004, "Prob MIN": 0.3379778265953064, "qwk": 0.906832298136646, "_timestamp": 1710607867.3926442, "_runtime": 4824.8991911411285, "_step": 999, "_wandb": {"runtime": 4852}}