{"QWK[DEV]": 0.75, "QWK[TEST]": 0.2744118998871852, "QWK[BEST TEST]": 0.3012356865258392, "train_loss": 0.02396448062394153, "_timestamp": 1710930071.8871148, "_runtime": 14.551003694534302, "_step": 99, "_wandb": {"runtime": 10}}