{"train_loss": 0.0018320653804163487, "dev_loss": 0.07341047376394272, "test_loss": 0.05256987407030362, "dev_qwk": 0.6226415094339622, "dev_lwk": 0.3689320388349515, "dev_corr": 0.8788483102041375, "dev_rmse": 0.2699795200998152, "dev_mae": 0.23519163796057305, "test_qwk": 0.551534192061996, "test_lwk": 0.41588095982841056, "test_corr": 0.7079417082322192, "test_rmse": 0.2292812115345021, "test_mae": 0.1794069582280123, "best_qwk": 0.6172012354478498, "_timestamp": 1710937816.7747486, "_runtime": 1465.9814846515656, "_step": 9, "_wandb": {"runtime": 1465}}