{"QWK": 0.7093729532930881, "_timestamp": 1710859433.4499757, "_runtime": 2.60280179977417, "_step": 0, "_wandb": {"runtime": 2}}