{"train_loss": 0.0024388269521296024, "test_loss": 0.013624643193907104, "qwk": 0.7202735096904763, "lwk": 0.48915171217569786, "corr": 0.7281862617346853, "rmse": 0.11748275424475975, "mae": 0.09280635559693166, "_timestamp": 1710520281.1637912, "_runtime": 225.5227391719818, "_step": 29, "_wandb": {"runtime": 224}}