{"train_loss": 0.002123107652738569, "dev_loss": 0.01224694773554802, "test_loss": 0.022767602614211766, "dev_qwk": 0.8512001450600262, "dev_lwk": 0.6005421782809759, "dev_corr": 0.9173528686266986, "dev_rmse": 0.10987179578193795, "dev_mae": 0.09249654238422712, "test_qwk": 0.3185827488488303, "test_lwk": 0.15542431947231183, "test_corr": 0.5532260342506657, "test_rmse": 0.1507827266634901, "test_mae": 0.1264335522575984, "best_qwk": 0.5056472765368469, "_timestamp": 1710979498.802944, "_runtime": 1531.1383318901062, "_step": 9, "_wandb": {"runtime": 1530}}