{"Reward": -0.02682567182401674, "DVRL Loss": -184.60595596280103, "Prob MAX": 0.45813390612602234, "Prob MIN": 0.4410879611968994, "qwk": 0.737417943107221, "_timestamp": 1710188402.7907717, "_runtime": 5532.186365604401, "_step": 999, "_wandb": {"runtime": 5568}}