{"train_loss": 0.01568063202713217, "dev_loss": 0.023749535903334618, "test_loss": 0.011665961505579097, "best_qwk": 0.6095468235194872, "best_lwk": 0.3511124061554888, "best_corr": 0.8181537071366787, "best_rmse": 0.13409738670983828, "best_mae": 0.11278372685091875, "_timestamp": 1711020582.914648, "_runtime": 214.71211695671082, "_step": 49, "_wandb": {"runtime": 214}}