{"train_loss": 0.01386783350087397, "dev_loss": 0.011598951804141203, "test_loss": 0.011550797284474935, "dev_qwk": 0.942735234673254, "dev_lwk": 0.7787338660110633, "dev_corr": 0.9765526936864415, "dev_rmse": 0.10769843074598735, "dev_mae": 0.09017565995454788, "test_qwk": 0.6936343486772976, "test_lwk": 0.4602815451794223, "test_corr": 0.7895708540175718, "test_rmse": 0.10724431712031984, "test_mae": 0.08554492198054069, "best_test_qwk": 0.7276330490896069, "best_test_lwk": 0.513798959333264, "best_test_corr": 0.7873758295557812, "best_test_rmse": 0.09480650937377307, "best_test_mae": 0.07443977303322696, "_timestamp": 1711469158.4051611, "_runtime": 252.40587306022644, "_step": 49, "_wandb": {"runtime": 251}}