Metric,Value
QWK-high,0.729048801781998
Correlation-high,0.8119483887324811
QWK-low,0.7024773168560616
Correlation-low,0.8128957671645305
