{"QWK": 0.5098829504667839, "_timestamp": 1710870540.3819993, "_runtime": 2.606182336807251, "_step": 0, "_wandb": {"runtime": 2}}