{"train_loss": 0.0017363875075936243, "dev_loss": 0.030159665271639824, "test_loss": 0.03216795154285055, "dev_qwk": 0.8687240902809765, "dev_lwk": 0.6441947565543071, "dev_corr": 0.9536923477955667, "dev_rmse": 0.17485651560152782, "dev_mae": 0.14443853438521426, "test_qwk": 0.6584156457054884, "test_lwk": 0.4709270452125656, "test_corr": 0.7606206417795756, "test_rmse": 0.1793238139957831, "test_mae": 0.14582440755107035, "best_qwk": 0.6196639869213615, "_timestamp": 1710955297.3140924, "_runtime": 1455.6078374385834, "_step": 9, "_wandb": {"runtime": 1447}}