{"train_loss": 0.0016967818064999433, "dev_loss": 0.06521814689040184, "test_loss": 0.052026588724539524, "dev_qwk": 0.7292418772563177, "dev_lwk": 0.5229681978798586, "dev_corr": 0.8581716683057742, "dev_rmse": 0.2537212546013652, "dev_mae": 0.208141789243867, "test_qwk": 0.5364503859133611, "test_lwk": 0.4101794171331118, "test_corr": 0.7063112010459673, "test_rmse": 0.2280933772095331, "test_mae": 0.17929316116584781, "best_qwk": 0.6005852077171636, "_timestamp": 1710939319.4350863, "_runtime": 1457.5105571746826, "_step": 9, "_wandb": {"runtime": 1453}}