{"train_loss": 0.010698475115887115, "dev_loss": 0.019828878343105316, "test_loss": 0.04983029446619398, "dev_qwk": 0.9258649093904449, "dev_lwk": 0.8421052631578948, "dev_corr": 0.9520245417924986, "dev_rmse": 0.1408150500479065, "dev_mae": 0.11909993141889572, "test_qwk": 0.573952829950201, "test_lwk": 0.4424782705593938, "test_corr": 0.6694420034136452, "test_rmse": 0.22326520129873528, "test_mae": 0.17658266818528678, "best_test_qwk": 0.573952829950201, "best_test_lwk": 0.4424782705593938, "best_test_corr": 0.6694420034136452, "best_test_rmse": 0.22326520129873528, "best_test_mae": 0.17658266818528678, "_timestamp": 1711471774.231454, "_runtime": 252.42894577980042, "_step": 49, "_wandb": {"runtime": 251}}