{"train_loss": 0.014673260542006794, "dev_loss": 0.015855017583817244, "test_loss": 0.010642858955014328, "dev_qwk": 0.9142857142857143, "dev_lwk": 0.6994535519125683, "dev_corr": 0.963360602801897, "dev_rmse": 0.1259167087519948, "dev_mae": 0.1078072836001714, "test_qwk": 0.7063543439421546, "test_lwk": 0.48371599923086894, "test_corr": 0.7903524607389771, "test_rmse": 0.10325739218355134, "test_mae": 0.0816259090042223, "best_test_qwk": 0.7527330447512353, "best_test_lwk": 0.5347822227448431, "best_test_corr": 0.7982283092264519, "best_test_rmse": 0.08735773902725952, "best_test_mae": 0.06936320281681577, "_timestamp": 1711468826.894939, "_runtime": 248.14219784736633, "_step": 49, "_wandb": {"runtime": 247}}