{"QWK": 0.5363578048435217, "_timestamp": 1710865602.0911841, "_runtime": 2.485239028930664, "_step": 0, "_wandb": {"runtime": 1}}