{"train_loss": 0.011810052599492055, "dev_loss": 0.010798826037595669, "test_loss": 0.040160673723087806, "dev_qwk": 0.9635391346621294, "dev_lwk": 0.9006622516556291, "dev_corr": 0.9675108940423762, "dev_rmse": 0.10391739897869942, "dev_mae": 0.08845117998619874, "test_qwk": 0.5403514541189158, "test_lwk": 0.3746133935488521, "test_corr": 0.5878600214444729, "test_rmse": 0.20040128007146782, "test_mae": 0.15793313824776875, "best_test_qwk": 0.5547555393568615, "best_test_lwk": 0.38051519835136527, "best_test_corr": 0.6012552886101418, "best_test_rmse": 0.195638307634906, "best_test_mae": 0.15639872215056824, "_timestamp": 1711477377.7468488, "_runtime": 255.35965776443481, "_step": 49, "_wandb": {"runtime": 254}}