{"QWK": 0.6997928216260445, "_timestamp": 1710860248.181531, "_runtime": 5.4742958545684814, "_step": 0, "_wandb": {"runtime": 1}}