{"QWK": 0.41883188807039107, "_timestamp": 1710871366.2809036, "_runtime": 2.6190614700317383, "_step": 0, "_wandb": {"runtime": 2}}