{"QWK": 0.25263964722356724, "_timestamp": 1710864492.098175, "_runtime": 2.6118900775909424, "_step": 0, "_wandb": {"runtime": 2}}