{"Reward": -0.001026578898052688, "DVRL Loss": -4.476425856734717, "Prob MAX": 0.8492168188095093, "Prob MIN": 0.841733992099762, "qwk": 0.8783530879600748, "_timestamp": 1710205835.7314763, "_runtime": 5512.936715364456, "_step": 999, "_wandb": {"runtime": 5543}}