{"QWK[DEV]": 0.894829097283085, "QWK[TEST]": 0.6865060568939703, "QWK[BEST TEST]": 0.7088759880300417, "train_loss": 0.02496738283132965, "_timestamp": 1710956814.363006, "_runtime": 11.338908195495605, "_step": 99, "_wandb": {"runtime": 10}}