{"QWK": 0.7480841744124761, "_timestamp": 1710866409.9346035, "_runtime": 5.569996356964111, "_step": 0, "_wandb": {"runtime": 2}}