{"QWK[DEV]": 0.7714810753134356, "QWK[TEST]": 0.41058644317039783, "QWK[BEST TEST]": 0.48817444054825576, "train_loss": 0.024877006420865655, "_timestamp": 1710976391.8462868, "_runtime": 11.534039735794067, "_step": 99, "_wandb": {"runtime": 10}}