{"train_loss": 0.013021394610404968, "test_loss": 0.022989462645325278, "qwk": 0.5040563896742931, "lwk": 0.367203527214089, "corr": 0.5792655025529311, "rmse": 0.15150959496222088, "mae": 0.11841945774111542, "_timestamp": 1710861070.1757655, "_runtime": 248.2459855079651, "_step": 29, "_wandb": {"runtime": 244}}