qwk,lwk,corr,rmse,mae
0.6201729733351465,0.45105673930310464,0.6614992730840638,0.2673459857792695,0.21972129174885602
