Metric,Value
QWK-high,0.6283490025312611
Correlation-high,0.7068120711582383
QWK-low,0.6075707817100797
Correlation-low,0.773605283242536
