{"train_loss": 0.018391860648989677, "test_loss": 0.045572896188657196, "qwk": 0.5389983026645473, "lwk": 0.371681841600988, "corr": 0.6348886123405778, "rmse": 0.2135774799092454, "mae": 0.17348068191132077, "_timestamp": 1710867622.0437849, "_runtime": 243.06123089790344, "_step": 29, "_wandb": {"runtime": 242}}