{"Reward": 0.06808002027841653, "DVRL Loss": 450.4309104941488, "Prob MAX": 0.6265504956245422, "Prob MIN": 0.5740822553634644, "qwk": 0.7458316388775925, "_timestamp": 1710569258.0829747, "_runtime": 5089.056375741959, "_step": 999, "_wandb": {"runtime": 5119}}