qwk,lwk,corr,rmse,mae
0.3178200430272776,0.20745956339191496,0.5076445352896536,0.30854559113536345,0.2552959647302729
