{"train_loss": 0.011688822398851202, "dev_loss": 0.04705210030078888, "test_loss": 0.051496212636785846, "best_qwk": 0.588981209059807, "best_lwk": 0.4570490892849933, "best_corr": 0.702511213642279, "best_rmse": 0.2418323462090958, "best_mae": 0.18792961985214982, "_timestamp": 1711024318.5127988, "_runtime": 217.70115876197815, "_step": 49, "_wandb": {"runtime": 217}}