{"train_loss": 0.0024744278152011526, "dev_loss": 0.03442373685538769, "test_loss": 0.029021937246482398, "dev_qwk": 0.688560271429486, "dev_lwk": 0.43073248407643305, "dev_corr": 0.7826141750387396, "dev_rmse": 0.1869703496324118, "dev_mae": 0.1562396830568711, "test_qwk": 0.49065431979124635, "test_lwk": 0.2506097662002068, "test_corr": 0.7236056285735507, "test_rmse": 0.16943609902075887, "test_mae": 0.14424955626783859, "best_qwk": 0.49624140689466245, "_timestamp": 1710973226.524985, "_runtime": 1463.4348211288452, "_step": 9, "_wandb": {"runtime": 1462}}