{"train_loss": 0.014222499859210761, "dev_loss": 0.009313635993748903, "test_loss": 0.02382528468174255, "dev_qwk": 0.9404027949034114, "dev_lwk": 0.7760679834634818, "dev_corr": 0.9592337601860055, "dev_rmse": 0.09650717995966673, "dev_mae": 0.07070067599415779, "test_qwk": 0.6146707313672952, "test_lwk": 0.40283948196481845, "test_corr": 0.641932135446315, "test_rmse": 0.15437156259777415, "test_mae": 0.12173000482032638, "best_test_qwk": 0.6512315599466131, "best_test_lwk": 0.43377669115288997, "best_test_corr": 0.6737956059289479, "best_test_rmse": 0.14040502201414537, "best_test_mae": 0.10999252270275389, "_timestamp": 1711479382.7023926, "_runtime": 251.52051854133606, "_step": 49, "_wandb": {"runtime": 250}}