{"QWK[DEV]": 0.8808933002481389, "QWK[TEST]": 0.6971450459366637, "QWK[BEST TEST]": 0.7200059346426639, "train_loss": 0.024704024153338236, "_timestamp": 1710955323.3445926, "_runtime": 11.114008665084839, "_step": 99, "_wandb": {"runtime": 10}}