qwk,lwk,corr,rmse,mae
0.7499101835443502,0.5462612000161711,0.7838890117506202,0.09562420731785795,0.06958072528711076
