qwk,lwk,corr,rmse,mae
0.4390506088329043,0.24437902144690885,0.5076245543012624,0.24260327680284377,0.19821400259111432
