{"QWK": 0.6546549346523736, "_timestamp": 1710859020.4346957, "_runtime": 5.632218837738037, "_step": 0, "_wandb": {"runtime": 2}}