{"train_loss": 0.0040263161063194275, "test_loss": 0.016275976993599717, "qwk": 0.681283431019805, "lwk": 0.46415510715441427, "corr": 0.6875850016658752, "rmse": 0.1281436408083253, "mae": 0.0997488666483146, "_timestamp": 1710870764.5820537, "_runtime": 214.800532579422, "_step": 29, "_wandb": {"runtime": 214}}