qwk,lwk,corr,rmse,mae
0.7717700923956361,0.5492932774675141,0.8259555334813506,0.0964018419522651,0.07600051304612745
