qwk,lwk,corr,rmse,mae
0.6069013682105331,0.46331207221650794,0.7091344733856727,0.12419583362954578,0.09890932601372047
