qwk,lwk,corr,rmse,mae
0.6436532522337742,0.5193620597972451,0.7664503527197774,0.2157589659202676,0.16742804971088404
