qwk,lwk,corr,rmse,mae
0.7170590749616339,0.48607275471218936,0.7356832092984986,0.12712609482846754,0.1001527974651527
