qwk,lwk,corr,rmse,mae
0.6389063646849114,0.4852828820100724,0.6896501365381009,0.17921458080914485,0.13881743538710806
