qwk,lwk,corr,rmse,mae
0.7044763893228747,0.5304103527625583,0.7923912228487109,0.16383598729861182,0.13224303079278846
