qwk,lwk,corr,rmse,mae
0.637948790495015,0.40087819880783776,0.6879494863138031,0.0999009860549973,0.08038497302954292
