qwk,lwk,corr,rmse,mae
0.5847427680879698,0.4568868217644113,0.707852107069299,0.21119465941349613,0.16647407757215468
