qwk,lwk,corr,rmse,mae
0.5083584034851231,0.3687540166953124,0.6338053631529792,0.15487358996660966,0.12189934206325814
