Metric,Value
QWK-high,0.4520988915423161
Correlation-high,0.7151155623645558
QWK-low,0.31583925689746417
Correlation-low,0.631711047167548
