{"train_loss": 0.013110097262175721, "dev_loss": 0.01438982846836249, "test_loss": 0.015049882305902429, "dev_qwk": 0.9176770899808552, "dev_lwk": 0.7171651495448634, "dev_corr": 0.9649603552018342, "dev_rmse": 0.11995761015452186, "dev_mae": 0.09878589188059171, "test_qwk": 0.6027065204221758, "test_lwk": 0.3720824832822399, "test_corr": 0.7851576705131843, "test_rmse": 0.12240415286187681, "test_mae": 0.09850193059451227, "best_test_qwk": 0.7394410170249934, "best_test_lwk": 0.5243176477608849, "best_test_corr": 0.7796036259428972, "best_test_rmse": 0.09231281777081607, "best_test_mae": 0.07270892982780763, "_timestamp": 1711468501.313386, "_runtime": 246.36439490318298, "_step": 49, "_wandb": {"runtime": 245}}