{"train_loss": 0.0019630738764660257, "dev_loss": 0.014581584837287664, "test_loss": 0.021622071190821854, "dev_qwk": 0.807290145913399, "dev_lwk": 0.5535425428663863, "dev_corr": 0.8955012203019389, "dev_rmse": 0.12132405839140215, "dev_mae": 0.10141873856385548, "test_qwk": 0.3409671295379423, "test_lwk": 0.1586891415851014, "test_corr": 0.6162950493847398, "test_rmse": 0.14742348032026417, "test_mae": 0.1272896330852013, "best_qwk": 0.4734592569513191, "_timestamp": 1710977931.287238, "_runtime": 1530.7837688922882, "_step": 9, "_wandb": {"runtime": 1530}}