{"QWK[DEV]": 0.7600767754318618, "QWK[TEST]": 0.5762645859627556, "QWK[BEST TEST]": 0.5558153731544041, "train_loss": 0.02064168779179454, "_timestamp": 1710936341.252721, "_runtime": 11.879948139190674, "_step": 99, "_wandb": {"runtime": 11}}