{"train_loss": 0.0005947517784079537, "test_loss": 0.0045066318762976496, "qwk": 0.6089652352792343, "lwk": 0.3772330871071391, "corr": 0.6498507061263935, "rmse": 0.06699253349491269, "mae": 0.05328703124418877, "_timestamp": 1710521998.8449368, "_runtime": 116.95691394805908, "_step": 29, "_wandb": {"runtime": 116}}