{"Reward": -0.029024030480591656, "DVRL Loss": -192.5687593108825, "Prob MAX": 0.38711968064308167, "Prob MIN": 0.3741568922996521, "qwk": 0.8629388032125486, "_timestamp": 1710726670.6869464, "_runtime": 4827.367304325104, "_step": 999, "_wandb": {"runtime": 4848}}