{"train_loss": 0.0157396444731525, "dev_loss": 0.016512935981154442, "test_loss": 0.021278444211930037, "best_qwk": 0.6242031246922468, "best_lwk": 0.4922867363764294, "best_corr": 0.6989616617136905, "best_rmse": 0.1189452157313715, "best_mae": 0.09426536034725236, "_timestamp": 1711021977.556665, "_runtime": 215.66351890563965, "_step": 49, "_wandb": {"runtime": 215}}