{"QWK": 0.4659040286451548, "_timestamp": 1710868611.6077054, "_runtime": 2.5270273685455322, "_step": 0, "_wandb": {"runtime": 2}}