{"QWK": 0.4160550611384837, "_timestamp": 1710870299.910599, "_runtime": 4.50617790222168, "_step": 0, "_wandb": {"runtime": 2}}