{"Reward": -0.058012716387432106, "DVRL Loss": -392.9840893780165, "Prob MAX": 0.5972041487693787, "Prob MIN": 0.37317922711372375, "qwk": 0.8275862068965517, "_timestamp": 1710200245.8532996, "_runtime": 5409.234645605087, "_step": 999, "_wandb": {"runtime": 5445}}