{"train_loss": 0.0021199246038927913, "dev_loss": 0.015221399953588843, "test_loss": 0.028457489208662295, "dev_qwk": 0.9472037543996872, "dev_lwk": 0.8373493975903614, "dev_corr": 0.9639618204249184, "dev_rmse": 0.12559914966519597, "dev_mae": 0.09467863605047265, "test_qwk": 0.7061962321681368, "test_lwk": 0.5279092039964173, "test_corr": 0.7593243895275091, "test_rmse": 0.16865967887329064, "test_mae": 0.1362578848938287, "best_qwk": 0.7061962321681368, "_timestamp": 1710958272.5324392, "_runtime": 1449.2256932258606, "_step": 9, "_wandb": {"runtime": 1448}}