{"train_loss": 0.0017278368356970272, "dev_loss": 0.02083654934540391, "test_loss": 0.03135208139534701, "dev_qwk": 0.8757396449704142, "dev_lwk": 0.6916445623342174, "dev_corr": 0.920341600568534, "dev_rmse": 0.14690068371714016, "dev_mae": 0.10600956274817387, "test_qwk": 0.45401903591318027, "test_lwk": 0.22717400776800567, "test_corr": 0.6653804401518675, "test_rmse": 0.17700894206109805, "test_mae": 0.14787931014564265, "best_qwk": 0.5600835786058339, "_timestamp": 1710920570.763713, "_runtime": 1451.7293667793274, "_step": 9, "_wandb": {"runtime": 1448}}