{"train_loss": 0.011889642660125073, "dev_loss": 0.056923769414424896, "test_loss": 0.051224203021438035, "best_qwk": 0.6339024002065232, "best_lwk": 0.5322404676340492, "best_corr": 0.7186956583245763, "best_rmse": 0.19238261221579056, "best_mae": 0.14910114632989718, "_timestamp": 1711022438.823385, "_runtime": 216.10107493400574, "_step": 49, "_wandb": {"runtime": 215}}