{"QWK[DEV]": 0.8591723285978999, "QWK[TEST]": 0.7150338972507719, "QWK[BEST TEST]": 0.6329844346592122, "train_loss": 0.025355281432469685, "_timestamp": 1710968742.2419155, "_runtime": 14.457812547683716, "_step": 99, "_wandb": {"runtime": 10}}