{"QWK": 0.4495968048589323, "_timestamp": 1710871223.5538545, "_runtime": 2.656057357788086, "_step": 0, "_wandb": {"runtime": 2}}