{"Reward": -0.00216519585366437, "DVRL Loss": -14.502904717659119, "Prob MAX": 0.4098173975944519, "Prob MIN": 0.38568347692489624, "qwk": 0.8609633794256192, "_timestamp": 1710217060.5387297, "_runtime": 5525.9764857292175, "_step": 999, "_wandb": {"runtime": 5569}}