{"train_loss": 0.013256197871601276, "dev_loss": 0.005930100257198016, "test_loss": 0.017004712053316797, "dev_qwk": 0.9307692307692308, "dev_lwk": 0.8504983388704319, "dev_corr": 0.9608971276789472, "dev_rmse": 0.07700714450760322, "dev_mae": 0.06135359779000282, "test_qwk": 0.5543097236503786, "test_lwk": 0.424346287799215, "test_corr": 0.6540356241602775, "test_rmse": 0.13041547083010213, "test_mae": 0.101837395542887, "best_test_qwk": 0.5682410028488996, "best_test_lwk": 0.44070774880815766, "best_test_corr": 0.6687557243353807, "best_test_rmse": 0.1244445452287474, "best_test_mae": 0.0982808080034086, "_timestamp": 1711470139.110556, "_runtime": 250.9962019920349, "_step": 49, "_wandb": {"runtime": 250}}