{"train_loss": 0.004945789929479361, "test_loss": 0.02086702241961445, "qwk": 0.5955972857660419, "lwk": 0.3815636103769805, "corr": 0.6117339300047491, "rmse": 0.1446870723322138, "mae": 0.11573212673673389, "_timestamp": 1710869643.2035944, "_runtime": 214.4301495552063, "_step": 29, "_wandb": {"runtime": 213}}