{"Reward": -0.09552980168687919, "DVRL Loss": -660.3375128737481, "Prob MAX": 0.5044781565666199, "Prob MIN": 0.4600551128387451, "qwk": 0.8170462894930198, "_timestamp": 1710085060.1434915, "_runtime": 5507.723256587982, "_step": 999, "_wandb": {"runtime": 5537}}