{"train_loss": 0.0038591583725064993, "test_loss": 0.020139303761629427, "qwk": 0.6064629909458068, "lwk": 0.3830419630260301, "corr": 0.635904099804724, "rmse": 0.1423543024884497, "mae": 0.11334237420496962, "_timestamp": 1710870523.6448221, "_runtime": 214.1784632205963, "_step": 29, "_wandb": {"runtime": 213}}