Metric,Value
QWK-high,0.5610185517263866
Correlation-high,0.6877990813809675
QWK-low,0.6278658235095116
Correlation-low,0.6986046441106948
