Metric,Value
QWK-high,0.6151060578035201
Correlation-high,0.7075728897879562
QWK-low,0.6130992384246136
Correlation-low,0.7433697243375204
