{"train_loss": 0.0017636416826628026, "dev_loss": 0.06777086481451988, "test_loss": 0.05504495425606674, "dev_qwk": 0.6911369740376008, "dev_lwk": 0.4521739130434782, "dev_corr": 0.8845193834190633, "dev_rmse": 0.2584402552182154, "dev_mae": 0.22136833869541686, "test_qwk": 0.5150213098204206, "test_lwk": 0.38719714153802914, "test_corr": 0.7000756152761761, "test_rmse": 0.23461661160970548, "test_mae": 0.1834063367327271, "best_qwk": 0.5543256984440376, "_timestamp": 1710941084.412659, "_runtime": 1457.0595548152924, "_step": 9, "_wandb": {"runtime": 1453}}