{"train_loss": 0.0022148810886678154, "dev_loss": 0.02526617795228958, "test_loss": 0.02771607910028913, "dev_qwk": 0.8690574495694231, "dev_lwk": 0.6616541353383458, "dev_corr": 0.9427000127042829, "dev_rmse": 0.1587318983174367, "dev_mae": 0.12544452610115212, "test_qwk": 0.473881690658265, "test_lwk": 0.24171440629225027, "test_corr": 0.7046892850309113, "test_rmse": 0.16640996837776023, "test_mae": 0.13937936361859984, "best_qwk": 0.5620092178830278, "_timestamp": 1710926936.3250036, "_runtime": 1449.5209155082703, "_step": 9, "_wandb": {"runtime": 1448}}