Metric,Value
QWK-high,0.6308277955226743
Correlation-high,0.6915325186844027
QWK-low,0.6369123505389578
Correlation-low,0.6915198279761994
