{"train_loss": 0.014407632249749234, "dev_loss": 0.007606633162746827, "test_loss": 0.015387759826678251, "dev_qwk": 0.8700932090545938, "dev_lwk": 0.6252904725019365, "dev_corr": 0.9009780281605283, "dev_rmse": 0.08721601373075955, "dev_mae": 0.07255431388815244, "test_qwk": 0.4601850512211184, "test_lwk": 0.2640102262018049, "test_corr": 0.5850808769507542, "test_rmse": 0.1236877676097441, "test_mae": 0.10012844901580314, "best_test_qwk": 0.5868288828503926, "best_test_lwk": 0.35780206300173456, "best_test_corr": 0.6313962930952618, "best_test_rmse": 0.09544993974940355, "best_test_mae": 0.0769428965161201, "_timestamp": 1711480051.6983402, "_runtime": 261.72598528862, "_step": 49, "_wandb": {"runtime": 261}}