{"QWK": 0.5190572555538104, "_timestamp": 1710861361.5402951, "_runtime": 2.591778039932251, "_step": 0, "_wandb": {"runtime": 2}}