qwk,lwk,corr,rmse,mae
0.7358998990099564,0.5767245960392999,0.7952217490115014,0.14815482818180797,0.12267618925299173
