qwk,lwk,corr,rmse,mae
0.5598237687125147,0.38494652764393544,0.6442623960754028,0.1909833964084556,0.1496933331920041
