qwk,lwk,corr,rmse,mae
0.6079053708835871,0.43534548024024633,0.7068196293028969,0.17331468845606382,0.13628423080676133
