qwk,lwk,corr,rmse,mae
0.6081095604378732,0.4451644938940741,0.7091428303944798,0.1713681966554325,0.13342702553504043
