{"QWK[DEV]": 0.8658218412225122, "QWK[TEST]": 0.45770506918296083, "QWK[BEST TEST]": 0.4755395274192501, "train_loss": 0.025370403785597195, "_timestamp": 1710925478.8117275, "_runtime": 11.179343461990356, "_step": 99, "_wandb": {"runtime": 10}}