{"QWK[DEV]": 0.8708487084870848, "QWK[TEST]": 0.34603622439061843, "QWK[BEST TEST]": 0.4510157728346227, "train_loss": 0.025310581211339344, "_timestamp": 1710922489.789101, "_runtime": 11.149064779281616, "_step": 99, "_wandb": {"runtime": 10}}