{"train_loss": 0.0025384521577507257, "test_loss": 0.016859686971471017, "qwk": 0.6662528740141485, "lwk": 0.4409859962693161, "corr": 0.6783417703065326, "rmse": 0.12996588504673795, "mae": 0.10329831151934395, "_timestamp": 1710870147.6070344, "_runtime": 213.81902241706848, "_step": 29, "_wandb": {"runtime": 213}}