{"train_loss": 0.023166820367782556, "dev_loss": 0.02179229296217229, "test_loss": 0.007514140125124731, "dev_qwk": 0.694984942633175, "dev_lwk": 0.5458047779647351, "dev_corr": 0.7891382775031082, "dev_rmse": 0.1476221278469871, "dev_mae": 0.11360660030816992, "test_qwk": 0.8068338325564869, "test_lwk": 0.5864393711770891, "test_corr": 0.8278738443008923, "test_rmse": 0.08665156643344749, "test_mae": 0.06927346823861341, "best_test_qwk": 0.7940090092400716, "best_test_lwk": 0.5729252366620496, "best_test_corr": 0.8198982338448492, "best_test_rmse": 0.08812177936224044, "best_test_mae": 0.07028570679286458, "_timestamp": 1711297715.0160463, "_runtime": 203.61053323745728, "_step": 49, "_wandb": {"runtime": 203}}