{"train_loss": 0.017846493050456047, "test_loss": 0.05331948100190077, "qwk": 0.5654758373053284, "lwk": 0.3745948283543715, "corr": 0.6831121230387737, "rmse": 0.23099724451849524, "mae": 0.1931948296956613, "_timestamp": 1710516292.133825, "_runtime": 244.9808530807495, "_step": 29, "_wandb": {"runtime": 244}}