{"train_loss": 0.033346958458423615, "test_loss": 0.07302583198655735, "qwk": 0.5550472846822696, "lwk": 0.3994545810316913, "corr": 0.6624127697889444, "rmse": 0.2708471309935298, "mae": 0.2175896659442122, "_timestamp": 1710864344.8038135, "_runtime": 239.57647848129272, "_step": 29, "_wandb": {"runtime": 239}}