{"train_loss": 0.03226012736558914, "test_loss": 0.05409968935630538, "qwk": 0.6339056658026141, "lwk": 0.5021457170737127, "corr": 0.7167713747093809, "rmse": 0.23314830287681798, "mae": 0.18320231451882835, "_timestamp": 1710515258.3750086, "_runtime": 245.02017164230347, "_step": 29, "_wandb": {"runtime": 239}}