{"train_loss": 0.0069185178726911545, "test_loss": 0.03560218347067183, "qwk": 0.7087094173136614, "lwk": 0.5307142782975276, "corr": 0.7599306981210339, "rmse": 0.1883182797606927, "mae": 0.1497826609877939, "_timestamp": 1710517084.5225492, "_runtime": 256.1240191459656, "_step": 29, "_wandb": {"runtime": 255}}