{"Reward": 0.10980118764549907, "DVRL Loss": 718.7898848223514, "Prob MAX": 0.6413511633872986, "Prob MIN": 0.6376310586929321, "qwk": 0.7505197505197505, "_timestamp": 1710580585.67285, "_runtime": 5123.088844776154, "_step": 999, "_wandb": {"runtime": 5152}}