{"train_loss": 0.014379714373111105, "dev_loss": 0.011872202157974243, "test_loss": 0.010204071009700949, "best_qwk": 0.4739524931496262, "best_lwk": 0.27887579806897933, "best_corr": 0.6069256021971512, "best_rmse": 0.11859163513229633, "best_mae": 0.09670449382642991, "_timestamp": 1711028307.9409668, "_runtime": 221.77155876159668, "_step": 49, "_wandb": {"runtime": 221}}