{"train_loss": 0.0019452237112569848, "dev_loss": 0.049000744707882404, "test_loss": 0.045585308471745856, "dev_qwk": 0.8176907494935854, "dev_lwk": 0.717425431711146, "dev_corr": 0.8724475680424447, "dev_rmse": 0.22508652347558195, "dev_mae": 0.15865097070733705, "test_qwk": 0.6006280673599578, "test_lwk": 0.45297705010796374, "test_corr": 0.7409964924264132, "test_rmse": 0.21353813393513651, "test_mae": 0.16929970647664966, "best_qwk": 0.6158933355018195, "_timestamp": 1710946353.9938438, "_runtime": 1453.0661718845367, "_step": 9, "_wandb": {"runtime": 1449}}