{"Reward": 0.005903705281788296, "DVRL Loss": 40.07460512761528, "Prob MAX": 0.41484323143959045, "Prob MIN": 0.4123479127883911, "qwk": 0.7630979498861048, "_timestamp": 1710711956.334896, "_runtime": 4936.993952989578, "_step": 999, "_wandb": {"runtime": 4955}}