{"train_loss": 0.001825626709984387, "dev_loss": 0.05259480234235525, "test_loss": 0.04736775223063219, "dev_qwk": 0.7639653815892997, "dev_lwk": 0.5609756097560976, "dev_corr": 0.8665739051865803, "dev_rmse": 0.23333718534015002, "dev_mae": 0.17794634898503622, "test_qwk": 0.5904448481186362, "test_lwk": 0.44059219435704755, "test_corr": 0.730212214811676, "test_rmse": 0.21768414406475234, "test_mae": 0.17156172689824578, "best_qwk": 0.56740797969207, "_timestamp": 1710944600.7708104, "_runtime": 1461.1251764297485, "_step": 9, "_wandb": {"runtime": 1460}}