{"train_loss": 0.0017934948207946422, "dev_loss": 0.027370858006179333, "test_loss": 0.03106535548293913, "dev_qwk": 0.9182242990654206, "dev_lwk": 0.7535211267605634, "dev_corr": 0.9557263377299418, "dev_rmse": 0.16738133101149244, "dev_mae": 0.1311093848509093, "test_qwk": 0.6862588246801108, "test_lwk": 0.49777894023457864, "test_corr": 0.7539545973552098, "test_rmse": 0.1762303814903794, "test_mae": 0.14416872438043357, "best_qwk": 0.684237541683, "_timestamp": 1710952310.7524884, "_runtime": 1449.5814764499664, "_step": 9, "_wandb": {"runtime": 1448}}