{"train_loss": 0.020939254478801888, "dev_loss": 0.02164886642934843, "test_loss": 0.008302661568165741, "dev_qwk": 0.700501332790242, "dev_lwk": 0.5497572304473923, "dev_corr": 0.7936319069751426, "dev_rmse": 0.14713553618812866, "dev_mae": 0.11292311247615587, "test_qwk": 0.7774256318520874, "test_lwk": 0.5552865746752056, "test_corr": 0.8164099783646228, "test_rmse": 0.09100586673399946, "test_mae": 0.07175266323167157, "best_test_qwk": 0.7703690146955153, "best_test_lwk": 0.5476980423036542, "best_test_corr": 0.8230492486993305, "best_test_rmse": 0.09424807316476316, "best_test_mae": 0.07457455629780596, "_timestamp": 1711297186.7204947, "_runtime": 274.06598472595215, "_step": 49, "_wandb": {"runtime": 273}}